policy,model,region_weeks,events,alerts,true_alerts,false_alerts,missed_events,true_negatives,recall,precision,false_positive_rate,false_discovery_rate,false_alerts_per_100_region_weeks,alert_rate,f1
high_burden,TabPFN-3.5,408,175,202,167,35,8,198,0.9542857142857143,0.8267326732673267,0.15021459227467812,0.17326732673267325,8.57843137254902,0.4950980392156863,0.8859416445623343
high_burden,LightGBM full-history,408,175,195,161,34,14,199,0.92,0.8256410256410256,0.1459227467811159,0.17435897435897435,8.333333333333334,0.47794117647058826,0.8702702702702703
high_burden,LightGBM,408,175,194,158,36,17,197,0.9028571428571428,0.8144329896907216,0.15450643776824036,0.18556701030927836,8.823529411764707,0.47549019607843135,0.8563685636856369
high_burden,XGBoost full-history,408,175,191,153,38,22,195,0.8742857142857143,0.8010471204188482,0.1630901287553648,0.19895287958115182,9.313725490196079,0.4681372549019608,0.8360655737704918
high_burden,XGBoost,408,175,183,150,33,25,200,0.8571428571428571,0.819672131147541,0.14163090128755365,0.18032786885245902,8.088235294117647,0.4485294117647059,0.8379888268156425
high_burden,Persistence,408,175,196,146,50,29,183,0.8342857142857143,0.7448979591836735,0.2145922746781116,0.25510204081632654,12.254901960784315,0.4803921568627451,0.7870619946091644
high_burden,Seasonal naive,408,175,207,162,45,13,188,0.9257142857142857,0.782608695652174,0.19313304721030042,0.21739130434782608,11.029411764705882,0.5073529411764706,0.8481675392670157
high_burden,Recent mean,408,175,192,139,53,36,180,0.7942857142857143,0.7239583333333334,0.22746781115879827,0.2760416666666667,12.990196078431373,0.47058823529411764,0.7574931880108992
high_burden,Recent trend,408,175,195,128,67,47,166,0.7314285714285714,0.6564102564102564,0.2875536480686695,0.3435897435897436,16.42156862745098,0.47794117647058826,0.6918918918918919
seasonal_event,TabPFN-3.5,408,195,218,143,75,52,138,0.7333333333333333,0.6559633027522935,0.352112676056338,0.3440366972477064,18.38235294117647,0.5343137254901961,0.6924939467312349
seasonal_event,LightGBM full-history,408,195,210,139,71,56,142,0.7128205128205128,0.6619047619047619,0.3333333333333333,0.3380952380952381,17.401960784313726,0.5147058823529411,0.6864197530864198
seasonal_event,LightGBM,408,195,231,143,88,52,125,0.7333333333333333,0.6190476190476191,0.4131455399061033,0.38095238095238093,21.568627450980394,0.5661764705882353,0.6713615023474179
seasonal_event,XGBoost full-history,408,195,217,126,91,69,122,0.6461538461538462,0.5806451612903226,0.4272300469483568,0.41935483870967744,22.30392156862745,0.5318627450980392,0.6116504854368932
seasonal_event,XGBoost,408,195,229,135,94,60,119,0.6923076923076923,0.5895196506550219,0.4413145539906103,0.4104803493449782,23.03921568627451,0.5612745098039216,0.6367924528301887
seasonal_event,Persistence,408,195,207,121,86,74,127,0.6205128205128205,0.5845410628019324,0.40375586854460094,0.41545893719806765,21.07843137254902,0.5073529411764706,0.6019900497512438
seasonal_event,Seasonal naive,408,195,232,143,89,52,124,0.7333333333333333,0.6163793103448276,0.41784037558685444,0.38362068965517243,21.813725490196077,0.5686274509803921,0.6697892271662763
seasonal_event,Recent mean,408,195,208,103,105,92,108,0.5282051282051282,0.4951923076923077,0.49295774647887325,0.5048076923076923,25.735294117647058,0.5098039215686274,0.511166253101737
seasonal_event,Recent trend,408,195,210,131,79,64,134,0.6717948717948717,0.6238095238095238,0.37089201877934275,0.3761904761904762,19.362745098039216,0.5147058823529411,0.6469135802469136
