model,rows,events,mae,rmse,pinball,coverage80,interval_width,raw_coverage80,raw_interval_width,brier,brier_raw,event_rate,average_precision,brier_climatology
TabPFN-3.5,408,195,809.9757584634021,1029.8212799277635,261.1761832331669,0.8651960784313726,3093.814894640072,0.8651960784313726,3093.814894640072,0.20002214757879466,0.20002214757879466,0.47794117647058826,0.6958597416826234,0.25042277299370386
LightGBM full-history,408,195,838.920458420941,1054.3241071701475,266.087316006518,0.8406862745098039,2962.2660908103558,0.8406862745098039,2951.258825720849,0.20528674211507955,0.20528674211507955,0.47794117647058826,0.7245289077092283,0.25042277299370386
LightGBM,408,195,899.0946636133235,1136.651308025662,285.290934312939,0.8112745098039216,2948.661757841688,0.7867647058823529,2783.9285328324586,0.22241423117547776,0.22241423117547776,0.47794117647058826,0.7028952545875014,0.25042277299370386
XGBoost full-history,408,195,947.0895609394797,1206.9757832409434,301.6310350666483,0.8504901960784313,3479.809653499482,0.8504901960784313,3479.809653499482,0.23038273321717534,0.23038273321717534,0.47794117647058826,0.6614108401119756,0.25042277299370386
XGBoost,408,195,965.1319229261362,1236.869378526152,304.3556672570641,0.8259803921568627,3321.140067965348,0.821078431372549,3295.476983560795,0.23383935685857946,0.23383935685857946,0.47794117647058826,0.6694089671224387,0.25042277299370386
Seasonal naive,408,195,1075.0343137254902,1325.463354054414,335.1669689542484,0.821078431372549,3688.9379901960788,0.821078431372549,3688.9379901960788,0.23246844272102332,0.23246844272102332,0.47794117647058826,0.6751475892543215,0.25042277299370386
Persistence,408,195,1240.1421568627452,1571.1144087220757,391.00492647058826,0.7794117647058824,3681.789950980393,0.7794117647058824,3681.789950980393,0.2524804959428298,0.2524804959428298,0.47794117647058826,0.6605464170737622,0.25042277299370386
Recent mean,408,195,1328.0220588235295,1665.4352090242105,416.565697167756,0.7671568627450981,3928.949673202615,0.7671568627450981,3928.949673202615,0.30071406104971576,0.30071406104971576,0.47794117647058826,0.5382281747055466,0.25042277299370386
Recent trend,408,195,2402.8210784313724,3031.6206656331724,727.3945506535947,0.8333333333333334,7107.9958333333325,0.8333333333333334,7107.9958333333325,0.23858529982814133,0.23858529982814133,0.47794117647058826,0.6786366163393713,0.25042277299370386
