forecast_id,indicator,location_id,name,issued_at,generated_at,target_week_start,target_week_end,q10,q50,q90,status,observed,absolute_error,squared_error,interval_covered,persistence,persistence_absolute_error,predicted_high,observed_high,outcome_snapshot_id,outcome_published_at,outcome_source_url,mature_label_earliest_at
c3065e894a3597e7:south,are,south,South,2026-09-17T21:16:49.076481+00:00,2026-09-17T21:17:09.170603+00:00,2026-09-21,2026-09-27,4305.356255182454,5786.713752377537,8087.441674574778,preliminary_latest_release,9035.0,3248.2862476224627,10551363.54649322,False,3476.0,5559.0,False,True,998e5196a5c86e6b01782c31af3fb002827f077b,2026-10-01T07:08:29+00:00,https://raw.githubusercontent.com/robert-koch-institut/GrippeWeb_Daten_des_Wochenberichts/998e5196a5c86e6b01782c31af3fb002827f077b/GrippeWeb_Daten_des_Wochenberichts.tsv,2026-11-02T00:00:00+01:00
c3065e894a3597e7:east,are,east,East,2026-09-17T21:16:49.076481+00:00,2026-09-17T21:17:09.170603+00:00,2026-09-21,2026-09-27,5964.129205865886,7881.3349989025755,9887.334579164664,preliminary_latest_release,7157.0,724.3349989025755,524661.1906351941,True,8299.0,1142.0,True,True,998e5196a5c86e6b01782c31af3fb002827f077b,2026-10-01T07:08:29+00:00,https://raw.githubusercontent.com/robert-koch-institut/GrippeWeb_Daten_des_Wochenberichts/998e5196a5c86e6b01782c31af3fb002827f077b/GrippeWeb_Daten_des_Wochenberichts.tsv,2026-11-02T00:00:00+01:00
c3065e894a3597e7:north_west,are,north_west,North-West,2026-09-17T21:16:49.076481+00:00,2026-09-17T21:17:09.170603+00:00,2026-09-21,2026-09-27,5601.23700681051,7344.490037944094,9249.860033583547,preliminary_latest_release,7609.0,264.5099620559058,69965.52002681674,True,7192.0,417.0,True,True,998e5196a5c86e6b01782c31af3fb002827f077b,2026-10-01T07:08:29+00:00,https://raw.githubusercontent.com/robert-koch-institut/GrippeWeb_Daten_des_Wochenberichts/998e5196a5c86e6b01782c31af3fb002827f077b/GrippeWeb_Daten_des_Wochenberichts.tsv,2026-11-02T00:00:00+01:00
c3065e894a3597e7:central_west,are,central_west,Central-West,2026-09-17T21:16:49.076481+00:00,2026-09-17T21:17:09.170603+00:00,2026-09-21,2026-09-27,4487.040350925869,6249.858002930119,8490.03438919752,preliminary_latest_release,7663.0,1413.1419970698807,1996970.3038826508,True,6148.0,1515.0,True,True,998e5196a5c86e6b01782c31af3fb002827f077b,2026-10-01T07:08:29+00:00,https://raw.githubusercontent.com/robert-koch-institut/GrippeWeb_Daten_des_Wochenberichts/998e5196a5c86e6b01782c31af3fb002827f077b/GrippeWeb_Daten_des_Wochenberichts.tsv,2026-11-02T00:00:00+01:00
state-54a4f999aba9d79a-influenza-01,influenza,01,Schleswig-Holstein,2026-09-21T07:53:40.039552+00:00,2026-09-21T07:53:54.375282+00:00,2026-09-28,2026-10-04,0.0558278612,0.1861953188,0.4830717099,pending_publication,,,,,,,,,e52c7a9ac0e9369dbe25e42d571a4958ca3114cc,2026-10-01T06:00:21+00:00,https://raw.githubusercontent.com/robert-koch-institut/Influenzafaelle_in_Deutschland/e52c7a9ac0e9369dbe25e42d571a4958ca3114cc/IfSG_Influenzafaelle.tsv,2026-11-09T00:00:00+01:00
state-54a4f999aba9d79a-influenza-02,influenza,02,Hamburg,2026-09-21T07:53:40.039552+00:00,2026-09-21T07:53:54.375282+00:00,2026-09-28,2026-10-04,0.0901865047,0.2790973432,0.6845964608,pending_publication,,,,,,,,,e52c7a9ac0e9369dbe25e42d571a4958ca3114cc,2026-10-01T06:00:21+00:00,https://raw.githubusercontent.com/robert-koch-institut/Influenzafaelle_in_Deutschland/e52c7a9ac0e9369dbe25e42d571a4958ca3114cc/IfSG_Influenzafaelle.tsv,2026-11-09T00:00:00+01:00
state-54a4f999aba9d79a-influenza-03,influenza,03,Niedersachsen,2026-09-21T07:53:40.039552+00:00,2026-09-21T07:53:54.375282+00:00,2026-09-28,2026-10-04,0.1083519068,0.1914948203,0.3389694717,pending_publication,,,,,,,,,e52c7a9ac0e9369dbe25e42d571a4958ca3114cc,2026-10-01T06:00:21+00:00,https://raw.githubusercontent.com/robert-koch-institut/Influenzafaelle_in_Deutschland/e52c7a9ac0e9369dbe25e42d571a4958ca3114cc/IfSG_Influenzafaelle.tsv,2026-11-09T00:00:00+01:00
state-54a4f999aba9d79a-influenza-04,influenza,04,Bremen,2026-09-21T07:53:40.039552+00:00,2026-09-21T07:53:54.375282+00:00,2026-09-28,2026-10-04,0.0771754241,0.2091836479,0.5187544774,pending_publication,,,,,,,,,e52c7a9ac0e9369dbe25e42d571a4958ca3114cc,2026-10-01T06:00:21+00:00,https://raw.githubusercontent.com/robert-koch-institut/Influenzafaelle_in_Deutschland/e52c7a9ac0e9369dbe25e42d571a4958ca3114cc/IfSG_Influenzafaelle.tsv,2026-11-09T00:00:00+01:00
state-54a4f999aba9d79a-influenza-05,influenza,05,Nordrhein-Westfalen,2026-09-21T07:53:40.039552+00:00,2026-09-21T07:53:54.375282+00:00,2026-09-28,2026-10-04,0.1793945178,0.3227340053,0.7300612419,pending_publication,,,,,,,,,e52c7a9ac0e9369dbe25e42d571a4958ca3114cc,2026-10-01T06:00:21+00:00,https://raw.githubusercontent.com/robert-koch-institut/Influenzafaelle_in_Deutschland/e52c7a9ac0e9369dbe25e42d571a4958ca3114cc/IfSG_Influenzafaelle.tsv,2026-11-09T00:00:00+01:00
state-54a4f999aba9d79a-influenza-06,influenza,06,Hessen,2026-09-21T07:53:40.039552+00:00,2026-09-21T07:53:54.375282+00:00,2026-09-28,2026-10-04,0.1647975392,0.4011328896,0.9311316513,pending_publication,,,,,,,,,e52c7a9ac0e9369dbe25e42d571a4958ca3114cc,2026-10-01T06:00:21+00:00,https://raw.githubusercontent.com/robert-koch-institut/Influenzafaelle_in_Deutschland/e52c7a9ac0e9369dbe25e42d571a4958ca3114cc/IfSG_Influenzafaelle.tsv,2026-11-09T00:00:00+01:00
state-54a4f999aba9d79a-influenza-07,influenza,07,Rheinland-Pfalz,2026-09-21T07:53:40.039552+00:00,2026-09-21T07:53:54.375282+00:00,2026-09-28,2026-10-04,0.0756529581,0.1789552895,0.4147253651,pending_publication,,,,,,,,,e52c7a9ac0e9369dbe25e42d571a4958ca3114cc,2026-10-01T06:00:21+00:00,https://raw.githubusercontent.com/robert-koch-institut/Influenzafaelle_in_Deutschland/e52c7a9ac0e9369dbe25e42d571a4958ca3114cc/IfSG_Influenzafaelle.tsv,2026-11-09T00:00:00+01:00
state-54a4f999aba9d79a-influenza-08,influenza,08,Baden-Württemberg,2026-09-21T07:53:40.039552+00:00,2026-09-21T07:53:54.375282+00:00,2026-09-28,2026-10-04,0.1432343095,0.2490639021,0.5208675595,pending_publication,,,,,,,,,e52c7a9ac0e9369dbe25e42d571a4958ca3114cc,2026-10-01T06:00:21+00:00,https://raw.githubusercontent.com/robert-koch-institut/Influenzafaelle_in_Deutschland/e52c7a9ac0e9369dbe25e42d571a4958ca3114cc/IfSG_Influenzafaelle.tsv,2026-11-09T00:00:00+01:00
state-54a4f999aba9d79a-influenza-09,influenza,09,Bayern,2026-09-21T07:53:40.039552+00:00,2026-09-21T07:53:54.375282+00:00,2026-09-28,2026-10-04,0.2106809446,0.4681826518,1.0016387036,pending_publication,,,,,,,,,e52c7a9ac0e9369dbe25e42d571a4958ca3114cc,2026-10-01T06:00:21+00:00,https://raw.githubusercontent.com/robert-koch-institut/Influenzafaelle_in_Deutschland/e52c7a9ac0e9369dbe25e42d571a4958ca3114cc/IfSG_Influenzafaelle.tsv,2026-11-09T00:00:00+01:00
state-54a4f999aba9d79a-influenza-10,influenza,10,Saarland,2026-09-21T07:53:40.039552+00:00,2026-09-21T07:53:54.375282+00:00,2026-09-28,2026-10-04,0.2105491866,0.5821869143,1.3935495087,pending_publication,,,,,,,,,e52c7a9ac0e9369dbe25e42d571a4958ca3114cc,2026-10-01T06:00:21+00:00,https://raw.githubusercontent.com/robert-koch-institut/Influenzafaelle_in_Deutschland/e52c7a9ac0e9369dbe25e42d571a4958ca3114cc/IfSG_Influenzafaelle.tsv,2026-11-09T00:00:00+01:00
state-54a4f999aba9d79a-influenza-11,influenza,11,Berlin,2026-09-21T07:53:40.039552+00:00,2026-09-21T07:53:54.375282+00:00,2026-09-28,2026-10-04,0.114579243,0.2274433331,0.4896038125,pending_publication,,,,,,,,,e52c7a9ac0e9369dbe25e42d571a4958ca3114cc,2026-10-01T06:00:21+00:00,https://raw.githubusercontent.com/robert-koch-institut/Influenzafaelle_in_Deutschland/e52c7a9ac0e9369dbe25e42d571a4958ca3114cc/IfSG_Influenzafaelle.tsv,2026-11-09T00:00:00+01:00
state-54a4f999aba9d79a-influenza-12,influenza,12,Brandenburg,2026-09-21T07:53:40.039552+00:00,2026-09-21T07:53:54.375282+00:00,2026-09-28,2026-10-04,0.161872672,0.3866490919,0.8922390722,pending_publication,,,,,,,,,e52c7a9ac0e9369dbe25e42d571a4958ca3114cc,2026-10-01T06:00:21+00:00,https://raw.githubusercontent.com/robert-koch-institut/Influenzafaelle_in_Deutschland/e52c7a9ac0e9369dbe25e42d571a4958ca3114cc/IfSG_Influenzafaelle.tsv,2026-11-09T00:00:00+01:00
state-54a4f999aba9d79a-influenza-13,influenza,13,Mecklenburg-Vorpommern,2026-09-21T07:53:40.039552+00:00,2026-09-21T07:53:54.375282+00:00,2026-09-28,2026-10-04,0.1062565645,0.2802100723,0.6696191005,pending_publication,,,,,,,,,e52c7a9ac0e9369dbe25e42d571a4958ca3114cc,2026-10-01T06:00:21+00:00,https://raw.githubusercontent.com/robert-koch-institut/Influenzafaelle_in_Deutschland/e52c7a9ac0e9369dbe25e42d571a4958ca3114cc/IfSG_Influenzafaelle.tsv,2026-11-09T00:00:00+01:00
state-54a4f999aba9d79a-influenza-14,influenza,14,Sachsen,2026-09-21T07:53:40.039552+00:00,2026-09-21T07:53:54.375282+00:00,2026-09-28,2026-10-04,0.2577359181,0.5157457678,1.0554694377,pending_publication,,,,,,,,,e52c7a9ac0e9369dbe25e42d571a4958ca3114cc,2026-10-01T06:00:21+00:00,https://raw.githubusercontent.com/robert-koch-institut/Influenzafaelle_in_Deutschland/e52c7a9ac0e9369dbe25e42d571a4958ca3114cc/IfSG_Influenzafaelle.tsv,2026-11-09T00:00:00+01:00
state-54a4f999aba9d79a-influenza-15,influenza,15,Sachsen-Anhalt,2026-09-21T07:53:40.039552+00:00,2026-09-21T07:53:54.375282+00:00,2026-09-28,2026-10-04,0.2627653624,0.7068841733,1.5767887582,pending_publication,,,,,,,,,e52c7a9ac0e9369dbe25e42d571a4958ca3114cc,2026-10-01T06:00:21+00:00,https://raw.githubusercontent.com/robert-koch-institut/Influenzafaelle_in_Deutschland/e52c7a9ac0e9369dbe25e42d571a4958ca3114cc/IfSG_Influenzafaelle.tsv,2026-11-09T00:00:00+01:00
state-54a4f999aba9d79a-influenza-16,influenza,16,Thüringen,2026-09-21T07:53:40.039552+00:00,2026-09-21T07:53:54.375282+00:00,2026-09-28,2026-10-04,0.1361665259,0.2643374745,0.5854818157,pending_publication,,,,,,,,,e52c7a9ac0e9369dbe25e42d571a4958ca3114cc,2026-10-01T06:00:21+00:00,https://raw.githubusercontent.com/robert-koch-institut/Influenzafaelle_in_Deutschland/e52c7a9ac0e9369dbe25e42d571a4958ca3114cc/IfSG_Influenzafaelle.tsv,2026-11-09T00:00:00+01:00
