origin,context_size,model,context_rows,calibration_rows,prediction_rows,query_rows,model_version,runtime_seconds,rows,events,mae,rmse,pinball,coverage80,interval_width,raw_coverage80,raw_interval_width,brier,brier_raw,event_rate,average_precision,brier_climatology
2023-01-09,25,LightGBM,25,208,16,224,{'baseline': 'LightGBM'},0.1732015837915241,16,7,2702.9788031480743,2983.3269695582603,1014.7424324954482,0.4375,4136.271143899801,0.0,2369.7943455197965,0.5423264252947397,0.5423264252947397,0.4375,0.4132086167800454,0.4141346126196935
2023-01-09,25,XGBoost,25,208,16,224,{'baseline': 'XGBoost'},0.2121050418354571,16,7,2531.7760529627303,2754.456790978846,919.5918495346428,0.3125,3704.543876708264,0.0625,2782.7227516398457,0.461293240031413,0.461293240031413,0.4375,0.3724206349206349,0.4141346126196935
2023-01-09,25,TabPFN-3.5,25,208,16,224,"{'requested': 'v3.5_default', 'resolved': '/app/tabpfn_models/tabpfn-v3.5-20260909.safetensors', 'billing_version': 'v3.5', 'prediction_interface': 'explicit_99_quantiles', 'full_posterior_available': False}",9.444146832916886,16,7,2552.456552633096,2784.198572775904,771.20004377625,0.5625,4720.759782029126,0.5625,4720.759782029126,0.4056196291144232,0.4056196291144232,0.4375,0.3377604538318824,0.4141346126196935
2023-01-09,50,LightGBM,50,208,16,224,{'baseline': 'LightGBM'},0.170899000018835,16,7,2423.40242268357,2822.9060698913345,908.3241100414994,0.1875,2913.3887831961943,0.125,2482.08949919046,0.465723750457964,0.465723750457964,0.4375,0.3973356009070294,0.4141346126196935
2023-01-09,50,XGBoost,50,208,16,224,{'baseline': 'XGBoost'},0.2186119160614907,16,7,2380.9376712693634,2675.00431146658,851.0697015781765,0.375,3432.7952135162386,0.1875,2766.807807604022,0.4465145678075808,0.4465145678075808,0.4375,0.3960600907029478,0.4141346126196935
2023-01-09,50,TabPFN-3.5,50,208,16,224,"{'requested': 'v3.5_default', 'resolved': '/app/tabpfn_models/tabpfn-v3.5-20260909.safetensors', 'billing_version': 'v3.5', 'prediction_interface': 'explicit_99_quantiles', 'full_posterior_available': False}",8.363282750360668,16,7,2427.1653461420583,2671.912480336798,761.4282918237949,0.5,3969.066651213928,0.5,3969.066651213928,0.4085233582709886,0.4085233582709886,0.4375,0.3381005898863041,0.4141346126196935
2023-01-09,100,LightGBM,100,208,16,224,{'baseline': 'LightGBM'},0.1734880418516695,16,7,1985.6582519353692,2320.265654771517,687.998538339083,0.5625,3936.486942515765,0.5,3447.554355628113,0.3762064156695905,0.3762064156695905,0.4375,0.3960600907029478,0.4141346126196935
2023-01-09,100,XGBoost,100,208,16,224,{'baseline': 'XGBoost'},0.2846079999580979,16,7,1923.075109240826,2305.405084985306,729.3273428841057,0.3125,3426.503899664169,0.25,2767.7054967593776,0.3733080003210275,0.3733080003210275,0.4375,0.4198172858887145,0.4141346126196935
2023-01-09,100,TabPFN-3.5,100,208,16,224,"{'requested': 'v3.5_default', 'resolved': '/app/tabpfn_models/tabpfn-v3.5-20260909.safetensors', 'billing_version': 'v3.5', 'prediction_interface': 'explicit_99_quantiles', 'full_posterior_available': False}",8.065277084242553,16,7,2156.380079869502,2419.952786485823,650.7467106230915,0.6875,4307.877522647434,0.6875,4307.877522647434,0.3657049278234839,0.3657049278234839,0.4375,0.3812118437118437,0.4141346126196935
2023-01-09,500,LightGBM,500,208,16,224,{'baseline': 'LightGBM'},0.2667267089709639,16,7,1888.8767265467156,2173.1806308562873,689.3205288736109,0.25,3373.091930602398,0.25,3373.091930602398,0.3623659487504739,0.3623659487504739,0.4375,0.4357735518449804,0.4141346126196935
2023-01-09,500,XGBoost,500,208,16,224,{'baseline': 'XGBoost'},0.4972395417280495,16,7,2041.0137403803428,2356.4158228191623,628.7298828888274,0.5,3812.51273043895,0.5,3812.51273043895,0.3302576698825036,0.3302576698825036,0.4375,0.7379208093493808,0.4141346126196935
2023-01-09,500,TabPFN-3.5,500,208,16,224,"{'requested': 'v3.5_default', 'resolved': '/app/tabpfn_models/tabpfn-v3.5-20260909.safetensors', 'billing_version': 'v3.5', 'prediction_interface': 'explicit_99_quantiles', 'full_posterior_available': False}",8.825030417181551,16,7,1468.2607758821944,1832.518589466158,447.5318263817024,0.9375,5763.517634231045,0.8125,4852.821776935482,0.2238040300460927,0.2238040300460927,0.4375,0.8761904761904762,0.4141346126196935
2023-07-10,25,LightGBM,25,208,16,224,{'baseline': 'LightGBM'},0.1276807081885635,16,3,692.0135035018033,818.3344246652988,214.560272594878,1.0,4766.303473041171,0.8125,2813.0915898587555,0.2502958789574581,0.2502958789574581,0.1875,0.3388278388278388,0.2936288088642659
2023-07-10,25,XGBoost,25,208,16,224,{'baseline': 'XGBoost'},0.1731579168699681,16,3,831.4253245011967,978.1040567077332,240.0551979838468,1.0,3555.956705693251,0.75,2729.875551332022,0.2586909880063785,0.2586909880063785,0.1875,0.2958333333333333,0.2936288088642659
2023-07-10,25,TabPFN-3.5,25,208,16,224,"{'requested': 'v3.5_default', 'resolved': '/app/tabpfn_models/tabpfn-v3.5-20260909.safetensors', 'billing_version': 'v3.5', 'prediction_interface': 'explicit_99_quantiles', 'full_posterior_available': False}",8.645251333713531,16,3,623.805396183432,744.5552036328236,205.89698758133144,1.0,3057.882646522783,1.0,3057.882646522783,0.19955759461571,0.19955759461571,0.1875,0.3,0.2936288088642659
2023-07-10,50,LightGBM,50,208,16,224,{'baseline': 'LightGBM'},0.1700119995512068,16,3,763.091347033595,853.575594983881,219.20141865702985,0.9375,3007.427091213035,0.8125,1985.7392149857144,0.3421779883095071,0.3421779883095071,0.1875,0.4624999999999999,0.2936288088642659
2023-07-10,50,XGBoost,50,208,16,224,{'baseline': 'XGBoost'},0.2293169577606022,16,3,775.007073559624,843.9257876015528,253.59371102803848,0.875,3222.797172304273,0.5625,1942.8722112720525,0.3220226009527834,0.3220226009527834,0.1875,0.3032407407407407,0.2936288088642659
2023-07-10,50,TabPFN-3.5,50,208,16,224,"{'requested': 'v3.5_default', 'resolved': '/app/tabpfn_models/tabpfn-v3.5-20260909.safetensors', 'billing_version': 'v3.5', 'prediction_interface': 'explicit_99_quantiles', 'full_posterior_available': False}",7.936145291663706,16,3,577.0417673705857,688.6643977179726,188.70557084690063,0.875,2456.9841334190887,0.875,2456.9841334190887,0.1957123052682886,0.1957123052682886,0.1875,0.2658730158730158,0.2936288088642659
2023-07-10,100,LightGBM,100,208,16,224,{'baseline': 'LightGBM'},0.1697598327882588,16,3,559.426016479593,746.3691317108342,176.53395937651183,0.9375,3014.9519691888445,0.8125,2005.3208418326203,0.1579022942518213,0.1579022942518213,0.1875,0.3444444444444444,0.2936288088642659
2023-07-10,100,XGBoost,100,208,16,224,{'baseline': 'XGBoost'},0.2756125833839178,16,3,586.8930796386775,725.9087266284743,196.35725726583135,0.9375,3100.580134696406,0.8125,2688.120435087396,0.1786005744465627,0.1786005744465627,0.1875,0.2333333333333333,0.2936288088642659
2023-07-10,100,TabPFN-3.5,100,208,16,224,"{'requested': 'v3.5_default', 'resolved': '/app/tabpfn_models/tabpfn-v3.5-20260909.safetensors', 'billing_version': 'v3.5', 'prediction_interface': 'explicit_99_quantiles', 'full_posterior_available': False}",7.874119166750461,16,3,572.9493646820833,702.9604191218158,176.96766564225223,1.0,3945.7409122965014,0.875,2148.1857138486157,0.1507376055802493,0.1507376055802493,0.1875,0.3214285714285714,0.2936288088642659
2023-07-10,500,LightGBM,500,208,16,224,{'baseline': 'LightGBM'},0.2694098339416086,16,3,488.1578305421243,627.0515635334781,170.4130297546221,0.9375,2962.848563331624,0.875,2143.680971326902,0.1499657866839164,0.1499657866839164,0.1875,0.4,0.2936288088642659
2023-07-10,500,XGBoost,500,208,16,224,{'baseline': 'XGBoost'},0.4950626250356436,16,3,484.0250336697454,600.9603883749681,165.7120508149675,0.9375,2703.2224429537455,0.9375,2328.698781984993,0.1796111371954162,0.1796111371954162,0.1875,0.3111111111111111,0.2936288088642659
2023-07-10,500,TabPFN-3.5,500,208,16,224,"{'requested': 'v3.5_default', 'resolved': '/app/tabpfn_models/tabpfn-v3.5-20260909.safetensors', 'billing_version': 'v3.5', 'prediction_interface': 'explicit_99_quantiles', 'full_posterior_available': False}",11.586171667091548,16,3,768.9978190787469,927.5699283218428,229.94170491313233,0.9375,3386.706246472987,0.8125,1897.8946597100012,0.1650673063949411,0.1650673063949411,0.1875,0.2791666666666667,0.2936288088642659
2023-07-10,2000,LightGBM,2000,208,16,224,{'baseline': 'LightGBM'},0.4237346658483147,16,3,537.5235401008081,694.9021873813053,177.3052096528461,0.9375,3290.9646125105237,0.875,2145.931699207801,0.1644483181367055,0.1644483181367055,0.1875,0.2833333333333333,0.2936288088642659
2023-07-10,2000,XGBoost,2000,208,16,224,{'baseline': 'XGBoost'},0.6631094170734286,16,3,528.5340674867684,659.0124056931629,173.81517656917148,1.0,2986.70089040582,1.0,2571.784959641303,0.1734791441993608,0.1734791441993608,0.1875,0.4952380952380952,0.2936288088642659
2023-07-10,2000,TabPFN-3.5,2000,208,16,224,"{'requested': 'v3.5_default', 'resolved': '/app/tabpfn_models/tabpfn-v3.5-20260909.safetensors', 'billing_version': 'v3.5', 'prediction_interface': 'explicit_99_quantiles', 'full_posterior_available': False}",11.493409084156156,16,3,974.2142274361344,1108.0941491483384,282.60990580695375,1.0,5616.891125022452,0.75,2205.8525456259276,0.1656599846930389,0.1656599846930389,0.1875,0.3074074074074074,0.2936288088642659
