model,region_id,target_start,q10,q50,q90,target_incidence
LightGBM,central_west,2024-08-05,3565.3,5010.0,6242.6,3214.0
LightGBM,central_west,2024-08-12,3281.7,4539.6,5746.9,2751.0
LightGBM,central_west,2024-08-19,3271.7,4371.3,5760.6,3818.0
LightGBM,central_west,2024-08-26,2881.7,3675.0,4858.9,5082.0
LightGBM,central_west,2024-09-02,3956.5,4879.6,6144.2,5356.0
LightGBM,central_west,2024-09-09,5482.4,6750.8,8900.1,7380.0
LightGBM,central_west,2024-09-16,5691.8,7402.8,9222.9,8554.0
LightGBM,central_west,2024-09-23,7478.6,9468.8,11183.2,8880.0
LightGBM,central_west,2024-09-30,8905.2,10580.0,11119.5,7740.0
LightGBM,central_west,2024-10-07,8776.4,9917.0,10620.1,7921.0
LightGBM,central_west,2024-10-14,7583.4,8707.3,9511.2,7681.0
LightGBM,central_west,2024-10-21,7715.3,9024.5,9851.5,5754.0
LightGBM,central_west,2024-10-28,8691.8,9619.4,10126.6,6578.0
LightGBM,central_west,2024-11-04,4973.4,6732.6,7348.7,7230.0
LightGBM,central_west,2024-11-11,5296.6,7513.8,8177.3,8289.0
LightGBM,central_west,2024-11-18,5733.4,8030.2,8653.6,8573.0
LightGBM,central_west,2024-11-25,6704.5,8946.6,9952.0,7522.0
LightGBM,central_west,2024-12-02,6943.6,8638.9,10107.1,7518.0
LightGBM,central_west,2024-12-09,5966.7,7831.4,8677.6,8320.0
LightGBM,central_west,2024-12-16,6387.7,8320.1,9472.1,7964.0
LightGBM,central_west,2024-12-23,6469.9,8477.0,9564.6,7297.0
LightGBM,central_west,2024-12-30,6474.3,8523.6,9560.8,5934.0
LightGBM,central_west,2025-01-13,4884.8,6182.2,6793.6,6307.0
LightGBM,central_west,2025-01-20,4446.2,5724.7,6230.9,9280.0
LightGBM,central_west,2025-01-27,4683.6,6245.8,7000.1,10299.0
LightGBM,central_west,2025-02-03,6968.3,8491.8,10530.7,8464.0
LightGBM,central_west,2025-02-10,7779.6,9198.2,11721.7,9701.0
LightGBM,central_west,2025-02-17,6628.5,8627.6,11180.0,7545.0
LightGBM,central_west,2025-02-24,6649.4,8334.4,11407.9,6068.0
LightGBM,central_west,2025-03-03,6149.1,7014.2,9273.2,6895.0
LightGBM,central_west,2025-03-10,5362.1,6905.3,8583.1,6515.0
LightGBM,central_west,2025-03-17,5179.8,6936.7,8674.3,6355.0
LightGBM,central_west,2025-03-24,5289.6,7013.3,8179.3,6183.0
LightGBM,central_west,2025-03-31,5190.8,6010.6,7850.4,5154.0
LightGBM,central_west,2025-04-07,4838.1,5642.4,7230.9,5581.0
LightGBM,central_west,2025-04-14,4139.8,5386.3,6055.8,4613.0
LightGBM,central_west,2025-04-21,4445.3,5896.7,6927.3,3570.0
LightGBM,central_west,2025-04-28,3361.8,4601.4,4991.4,3085.0
LightGBM,central_west,2025-05-05,3619.2,4455.1,5575.7,4245.0
LightGBM,central_west,2025-05-12,3296.9,4027.2,4364.2,4275.0
LightGBM,central_west,2025-05-19,4718.9,5295.9,6214.2,5171.0
LightGBM,central_west,2025-05-26,4274.8,5063.9,6258.3,4887.0
LightGBM,central_west,2025-06-02,5069.2,6196.7,6494.2,3710.0
LightGBM,central_west,2025-06-09,4997.8,5578.0,6212.3,3835.0
LightGBM,central_west,2025-06-16,3627.5,4425.3,5522.6,2659.0
LightGBM,central_west,2025-06-23,4010.1,4943.6,5531.7,3001.0
LightGBM,central_west,2025-06-30,3626.4,4394.0,5245.1,3464.0
LightGBM,central_west,2025-07-07,2820.0,3694.0,4873.2,3147.0
LightGBM,central_west,2025-07-14,4169.1,4718.8,5232.9,2771.0
LightGBM,central_west,2025-07-21,3597.6,4395.9,4818.8,2876.0
LightGBM,central_west,2025-07-28,3168.1,3593.0,3918.6,3180.0
LightGBM,central_west,2025-08-04,2491.7,3396.1,4909.3,2145.0
LightGBM,central_west,2025-08-11,3106.2,4217.2,6169.8,1974.0
LightGBM,central_west,2025-08-18,2074.7,2805.5,3936.9,3257.0
LightGBM,central_west,2025-08-25,1739.1,2347.6,3394.7,4003.0
LightGBM,central_west,2025-09-01,3101.3,3964.6,5758.2,5163.0
LightGBM,central_west,2025-09-08,3841.9,5414.3,7477.6,7176.0
LightGBM,central_west,2025-09-15,4809.1,6185.1,7222.5,6928.0
LightGBM,central_west,2025-09-22,5946.9,7352.3,8150.7,7083.0
LightGBM,central_west,2025-09-29,6279.9,7548.3,8032.5,7459.0
LightGBM,central_west,2025-10-06,6355.1,7662.7,8200.4,7149.0
LightGBM,central_west,2025-10-13,6224.2,7378.3,7867.4,6173.0
LightGBM,central_west,2025-10-20,5489.3,6321.6,7634.9,5748.0
LightGBM,central_west,2025-10-27,5768.7,6233.4,7263.9,5432.0
LightGBM,central_west,2025-11-03,4704.2,5595.9,5986.9,5986.0
LightGBM,central_west,2025-11-10,4556.8,5515.9,6038.2,7109.0
LightGBM,central_west,2025-11-17,5750.8,6773.7,7259.9,8414.0
LightGBM,central_west,2025-11-24,6175.6,6808.1,7854.3,8423.0
LightGBM,central_west,2025-12-01,6588.4,7451.7,9080.5,7520.0
LightGBM,central_west,2025-12-08,7349.2,7940.5,9546.1,6881.0
LightGBM,central_west,2025-12-15,6273.5,6494.1,7636.9,7269.0
LightGBM,central_west,2025-12-22,6256.6,6677.7,7623.3,6635.0
LightGBM,central_west,2025-12-29,6162.1,6627.0,7623.3,6040.0
LightGBM,central_west,2026-01-12,5182.2,5925.3,6543.6,5743.0
LightGBM,central_west,2026-01-19,4280.2,5336.0,6190.6,7457.0
LightGBM,central_west,2026-01-26,5167.5,6091.4,6287.1,8782.0
LightGBM,central_west,2026-02-02,5233.9,5682.4,6548.6,8762.0
LightGBM,central_west,2026-02-09,6034.7,6490.7,7440.4,7802.0
LightGBM,central_west,2026-02-16,6446.5,7166.6,8294.1,7921.0
LightGBM,central_west,2026-02-23,5718.1,6693.2,7308.8,6195.0
LightGBM,central_west,2026-03-02,5414.6,5895.3,6672.4,6403.0
LightGBM,central_west,2026-03-09,4765.2,5371.5,6096.4,6137.0
LightGBM,central_west,2026-03-16,4515.5,4840.4,5551.3,6062.0
LightGBM,central_west,2026-03-23,4682.4,5136.3,5804.1,5923.0
LightGBM,central_west,2026-03-30,4665.4,4870.5,5551.9,4470.0
LightGBM,central_west,2026-04-06,4828.1,5099.6,5901.9,3980.0
LightGBM,central_west,2026-04-13,3572.3,4279.2,5113.6,3880.0
LightGBM,central_west,2026-04-20,3010.7,4006.3,5475.5,4247.0
LightGBM,central_west,2026-04-27,3150.3,3899.2,5867.0,4900.0
LightGBM,central_west,2026-05-04,3526.7,4649.6,6006.0,4529.0
LightGBM,central_west,2026-05-11,3977.9,5141.3,6822.8,5543.0
LightGBM,central_west,2026-05-18,3778.2,4938.2,6573.2,4003.0
LightGBM,central_west,2026-05-25,4804.7,6092.2,8495.7,3185.0
LightGBM,central_west,2026-06-01,3391.4,4063.7,4818.6,3626.0
LightGBM,central_west,2026-06-08,3053.1,3397.0,4042.3,3265.0
LightGBM,central_west,2026-06-15,2836.9,3428.0,4664.3,3307.0
LightGBM,central_west,2026-06-22,2851.7,3388.1,4510.2,2759.0
LightGBM,central_west,2026-06-29,3035.9,3357.5,4844.9,2592.0
LightGBM,central_west,2026-07-06,2792.2,3424.5,4594.0,2345.0
LightGBM,central_west,2026-07-13,2189.5,2890.5,3928.9,2611.0
LightGBM,central_west,2026-07-20,2415.8,2754.3,3873.6,2233.0
LightGBM,central_west,2026-07-27,2575.4,2938.3,4016.7,2523.0
LightGBM,east,2024-08-05,3980.6,5686.8,7271.7,3590.0
LightGBM,east,2024-08-12,4164.7,5914.3,6890.3,3578.0
LightGBM,east,2024-08-19,2922.0,4111.9,4998.8,4818.0
LightGBM,east,2024-08-26,3387.2,4424.3,5107.0,4475.0
LightGBM,east,2024-09-02,5754.6,7010.7,9307.0,5253.0
LightGBM,east,2024-09-09,4957.7,6661.3,9042.3,6606.0
LightGBM,east,2024-09-16,5364.6,7247.8,8645.6,6908.0
LightGBM,east,2024-09-23,6583.5,8382.3,10083.2,7596.0
LightGBM,east,2024-09-30,7889.5,9676.0,10284.2,8328.0
LightGBM,east,2024-10-07,8750.1,9905.7,10777.5,8074.0
LightGBM,east,2024-10-14,8949.8,10342.2,12469.5,8210.0
LightGBM,east,2024-10-21,8209.1,9306.6,11652.5,8274.0
LightGBM,east,2024-10-28,8635.3,9615.9,11859.9,6956.0
LightGBM,east,2024-11-04,6165.5,7720.5,9507.2,7852.0
LightGBM,east,2024-11-11,5598.7,7707.2,8126.9,7374.0
LightGBM,east,2024-11-18,6087.3,8729.0,9447.4,8266.0
LightGBM,east,2024-11-25,6282.2,8452.4,9686.5,7425.0
LightGBM,east,2024-12-02,6467.5,8615.0,10053.7,8708.0
LightGBM,east,2024-12-09,6031.3,8112.9,8798.9,8499.0
LightGBM,east,2024-12-16,6996.1,9228.3,10682.0,9461.0
LightGBM,east,2024-12-23,6222.4,7790.0,9544.5,8024.0
LightGBM,east,2024-12-30,6222.4,7790.0,9544.5,6848.0
LightGBM,east,2025-01-13,6189.9,7917.9,8747.0,7581.0
LightGBM,east,2025-01-20,5078.0,6235.1,6965.1,7666.0
LightGBM,east,2025-01-27,6107.8,8087.6,9246.2,8495.0
LightGBM,east,2025-02-03,6404.6,7588.7,9481.1,8164.0
LightGBM,east,2025-02-10,6980.2,8204.0,11016.0,7766.0
LightGBM,east,2025-02-17,6588.8,7502.9,9537.2,7940.0
LightGBM,east,2025-02-24,6731.7,7763.1,10495.8,8388.0
LightGBM,east,2025-03-03,6576.5,6828.1,9488.1,8283.0
LightGBM,east,2025-03-10,7355.7,8173.0,11529.5,6282.0
LightGBM,east,2025-03-17,6956.1,7569.9,10472.3,5997.0
LightGBM,east,2025-03-24,6009.5,7158.0,8776.3,6022.0
LightGBM,east,2025-03-31,5112.3,5628.1,7627.4,5856.0
LightGBM,east,2025-04-07,4954.2,5300.8,6861.9,5824.0
LightGBM,east,2025-04-14,4600.9,6006.6,6908.2,4893.0
LightGBM,east,2025-04-21,4856.6,5838.9,6729.1,3430.0
LightGBM,east,2025-04-28,4894.1,5401.0,6609.0,4533.0
LightGBM,east,2025-05-05,3802.7,4225.0,5511.2,4711.0
LightGBM,east,2025-05-12,4996.5,5353.7,6152.2,5871.0
LightGBM,east,2025-05-19,4780.1,5385.3,6395.4,4563.0
LightGBM,east,2025-05-26,6517.8,6963.7,8346.7,4911.0
LightGBM,east,2025-06-02,5405.8,6067.6,6752.0,3388.0
LightGBM,east,2025-06-09,5138.5,6288.5,6827.7,3074.0
LightGBM,east,2025-06-16,3461.0,3978.2,5007.2,3319.0
LightGBM,east,2025-06-23,3149.9,3605.9,3969.8,3258.0
LightGBM,east,2025-06-30,4130.0,4762.1,5468.0,2905.0
LightGBM,east,2025-07-07,3671.1,4306.5,5231.5,2805.0
LightGBM,east,2025-07-14,3041.7,4045.4,5320.8,3287.0
LightGBM,east,2025-07-21,3277.1,3932.8,4222.6,3250.0
LightGBM,east,2025-07-28,4307.0,4954.5,5570.4,4278.0
LightGBM,east,2025-08-04,2601.0,3332.3,4639.1,2883.0
LightGBM,east,2025-08-11,3888.2,4979.3,6999.8,2729.0
LightGBM,east,2025-08-18,2391.7,2991.7,3946.2,3777.0
LightGBM,east,2025-08-25,2666.7,3412.0,4826.0,4790.0
LightGBM,east,2025-09-01,2909.9,3713.3,5212.8,3777.0
LightGBM,east,2025-09-08,4554.9,5574.4,6871.4,5793.0
LightGBM,east,2025-09-15,4229.8,5337.3,6987.9,6089.0
LightGBM,east,2025-09-22,5681.2,6712.3,7497.5,8416.0
LightGBM,east,2025-09-29,5569.1,6536.1,7248.3,7745.0
LightGBM,east,2025-10-06,7068.2,8356.0,9313.4,7636.0
LightGBM,east,2025-10-13,7732.4,8764.7,9340.0,7560.0
LightGBM,east,2025-10-20,7296.3,8196.3,8506.0,4946.0
LightGBM,east,2025-10-27,6671.9,7957.4,8521.9,6195.0
LightGBM,east,2025-11-03,4897.6,5218.6,5807.1,4925.0
LightGBM,east,2025-11-10,5676.7,6010.3,6888.9,5718.0
LightGBM,east,2025-11-17,4677.3,5415.5,6073.2,7015.0
LightGBM,east,2025-11-24,5798.5,6587.1,7136.3,8202.0
LightGBM,east,2025-12-01,6139.1,6926.5,8212.1,8377.0
LightGBM,east,2025-12-08,7294.8,8041.9,9467.7,8895.0
LightGBM,east,2025-12-15,7384.7,7917.5,9424.6,8399.0
LightGBM,east,2025-12-22,8688.2,8918.2,10740.3,7071.0
LightGBM,east,2025-12-29,8553.6,8917.4,10740.3,5577.0
LightGBM,east,2026-01-12,5339.3,5747.9,6374.1,7139.0
LightGBM,east,2026-01-19,3830.2,5319.0,5690.2,7862.0
LightGBM,east,2026-01-26,5841.2,6760.0,7086.9,8274.0
LightGBM,east,2026-02-02,6299.1,6479.1,7405.7,8827.0
LightGBM,east,2026-02-09,5931.8,6584.5,7519.7,6826.0
LightGBM,east,2026-02-16,6436.3,7082.2,8229.8,7774.0
LightGBM,east,2026-02-23,5056.6,5806.9,7010.0,6008.0
LightGBM,east,2026-03-02,5508.5,5959.0,6783.8,6072.0
LightGBM,east,2026-03-09,4644.2,5281.1,5846.0,5088.0
LightGBM,east,2026-03-16,4441.7,4840.1,5490.3,5922.0
LightGBM,east,2026-03-23,3941.6,4505.1,5239.3,5806.0
LightGBM,east,2026-03-30,4539.0,4954.8,5598.1,4493.0
LightGBM,east,2026-04-06,4993.3,5302.6,6054.9,4527.0
LightGBM,east,2026-04-13,3697.4,4301.3,5479.2,5123.0
LightGBM,east,2026-04-20,3684.8,4203.8,5105.9,5467.0
LightGBM,east,2026-04-27,3984.8,4849.4,5502.4,5209.0
LightGBM,east,2026-05-04,4829.8,5616.7,8162.2,4452.0
LightGBM,east,2026-05-11,4483.3,5699.9,7428.3,5088.0
LightGBM,east,2026-05-18,3503.3,4571.2,5716.6,4261.0
LightGBM,east,2026-05-25,3829.4,5057.2,7189.5,3711.0
LightGBM,east,2026-06-01,3692.1,4246.7,5528.3,3693.0
LightGBM,east,2026-06-08,3513.6,3765.0,4796.3,3782.0
LightGBM,east,2026-06-15,3121.2,3393.1,4520.1,3130.0
LightGBM,east,2026-06-22,3646.5,3879.5,5108.4,2597.0
LightGBM,east,2026-06-29,2512.3,3149.8,4108.9,3501.0
LightGBM,east,2026-07-06,2555.0,3105.3,4063.3,3232.0
LightGBM,east,2026-07-13,3383.9,3691.7,4993.7,2681.0
LightGBM,east,2026-07-20,3201.2,3610.6,4928.8,3212.0
LightGBM,east,2026-07-27,2786.5,3090.9,4564.5,1697.0
LightGBM,north_west,2024-08-05,4046.0,5745.9,6526.5,4657.0
LightGBM,north_west,2024-08-12,3225.5,4580.1,5482.6,3459.0
LightGBM,north_west,2024-08-19,4190.0,5703.7,6772.1,5181.0
LightGBM,north_west,2024-08-26,3733.4,4875.4,5804.2,6449.0
LightGBM,north_west,2024-09-02,6230.2,7634.6,9971.4,5279.0
LightGBM,north_west,2024-09-09,6410.7,8604.0,11145.4,6117.0
LightGBM,north_west,2024-09-16,5785.4,6749.2,7449.8,8393.0
LightGBM,north_west,2024-09-23,7146.1,8329.2,9963.4,7043.0
LightGBM,north_west,2024-09-30,7552.1,10559.5,11585.9,7784.0
LightGBM,north_west,2024-10-07,7550.1,8384.6,8890.0,8144.0
LightGBM,north_west,2024-10-14,8430.6,9838.1,10711.3,7240.0
LightGBM,north_west,2024-10-21,8517.2,9913.5,10680.0,6662.0
LightGBM,north_west,2024-10-28,7300.2,8716.5,9819.7,5629.0
LightGBM,north_west,2024-11-04,5506.8,7543.7,8590.1,7345.0
LightGBM,north_west,2024-11-11,4760.5,6598.4,7129.7,7919.0
LightGBM,north_west,2024-11-18,5041.4,7275.1,7866.5,7846.0
LightGBM,north_west,2024-11-25,6239.2,8412.2,9410.2,8311.0
LightGBM,north_west,2024-12-02,6493.5,8285.4,9786.7,8968.0
LightGBM,north_west,2024-12-09,6085.5,7727.3,9373.5,7824.0
LightGBM,north_west,2024-12-16,6953.6,8596.8,10520.2,7669.0
LightGBM,north_west,2024-12-23,6129.4,7734.2,8923.3,7369.0
LightGBM,north_west,2024-12-30,6153.6,8084.2,8887.4,5378.0
LightGBM,north_west,2025-01-13,4063.6,5357.3,5640.9,6338.0
LightGBM,north_west,2025-01-20,4524.8,6055.1,6725.0,9468.0
LightGBM,north_west,2025-01-27,4493.6,5677.5,6012.8,7994.0
LightGBM,north_west,2025-02-03,7936.1,9154.5,11332.3,8825.0
LightGBM,north_west,2025-02-10,5873.6,7604.0,8895.7,8801.0
LightGBM,north_west,2025-02-17,7219.8,8353.6,11446.8,7760.0
LightGBM,north_west,2025-02-24,6813.3,7856.1,10251.7,8687.0
LightGBM,north_west,2025-03-03,6537.5,7370.1,9914.0,6996.0
LightGBM,north_west,2025-03-10,6648.6,7460.7,10297.6,6097.0
LightGBM,north_west,2025-03-17,6466.5,7151.8,9657.4,5712.0
LightGBM,north_west,2025-03-24,5407.0,6466.3,7871.3,5234.0
LightGBM,north_west,2025-03-31,4820.6,5359.7,6696.0,5840.0
LightGBM,north_west,2025-04-07,4218.6,5074.7,6056.4,5770.0
LightGBM,north_west,2025-04-14,4693.1,6176.4,7131.8,3945.0
LightGBM,north_west,2025-04-21,5511.9,6875.0,8017.8,3273.0
LightGBM,north_west,2025-04-28,3076.7,4368.1,4815.9,3537.0
LightGBM,north_west,2025-05-05,3329.2,3966.9,4369.5,4447.0
LightGBM,north_west,2025-05-12,3818.7,4478.1,5578.7,4600.0
LightGBM,north_west,2025-05-19,4755.4,4995.9,5802.9,5007.0
LightGBM,north_west,2025-05-26,5245.7,6348.0,7138.0,5193.0
LightGBM,north_west,2025-06-02,5380.0,6580.0,6986.3,3908.0
LightGBM,north_west,2025-06-09,5045.3,5952.0,6603.0,4416.0
LightGBM,north_west,2025-06-16,4458.2,4955.5,6040.2,2898.0
LightGBM,north_west,2025-06-23,5499.6,6028.7,6526.2,3300.0
LightGBM,north_west,2025-06-30,3763.6,4429.7,5590.1,3380.0
LightGBM,north_west,2025-07-07,4371.3,4688.1,5260.7,4897.0
LightGBM,north_west,2025-07-14,3526.9,4112.2,4752.1,2800.0
LightGBM,north_west,2025-07-21,5032.5,5416.5,6184.4,3457.0
LightGBM,north_west,2025-07-28,2471.5,2990.1,5525.1,3413.0
LightGBM,north_west,2025-08-04,2658.3,3511.2,4686.7,3506.0
LightGBM,north_west,2025-08-11,2789.8,3599.8,4962.7,2571.0
LightGBM,north_west,2025-08-18,2883.3,3719.3,5127.5,4339.0
LightGBM,north_west,2025-08-25,2456.2,3170.2,4088.3,4741.0
LightGBM,north_west,2025-09-01,3477.3,4367.6,5821.5,4604.0
LightGBM,north_west,2025-09-08,4256.3,5697.7,7145.5,5786.0
LightGBM,north_west,2025-09-15,4252.2,5427.6,7021.5,7435.0
LightGBM,north_west,2025-09-22,5051.4,6436.1,7148.7,8115.0
LightGBM,north_west,2025-09-29,6642.8,8037.8,8964.0,8164.0
LightGBM,north_west,2025-10-06,6948.6,8376.9,9010.3,6851.0
LightGBM,north_west,2025-10-13,7371.1,8306.2,8874.0,6497.0
LightGBM,north_west,2025-10-20,5594.5,6787.6,7340.1,5519.0
LightGBM,north_west,2025-10-27,5344.0,6252.5,6735.0,4734.0
LightGBM,north_west,2025-11-03,4756.4,5766.0,6355.4,5532.0
LightGBM,north_west,2025-11-10,4073.1,4998.9,6348.4,7671.0
LightGBM,north_west,2025-11-17,4904.8,6025.0,6315.1,9645.0
LightGBM,north_west,2025-11-24,6970.5,8011.0,8988.8,7165.0
LightGBM,north_west,2025-12-01,8172.5,9117.4,10866.5,8487.0
LightGBM,north_west,2025-12-08,6352.3,6583.9,7672.7,6228.0
LightGBM,north_west,2025-12-15,6784.4,6911.1,8500.7,7318.0
LightGBM,north_west,2025-12-22,5936.8,6377.9,7101.3,7456.0
LightGBM,north_west,2025-12-29,5919.2,6350.3,7032.7,4553.0
LightGBM,north_west,2026-01-12,3950.0,5148.9,5713.1,6270.0
LightGBM,north_west,2026-01-19,3930.1,5366.9,5678.6,5724.0
LightGBM,north_west,2026-01-26,5553.6,6534.2,6669.8,9267.0
LightGBM,north_west,2026-02-02,4808.6,5047.5,5660.0,8113.0
LightGBM,north_west,2026-02-09,6470.9,7062.2,8535.8,8125.0
LightGBM,north_west,2026-02-16,6432.4,7096.0,8085.4,7988.0
LightGBM,north_west,2026-02-23,6080.6,6624.9,7411.3,7057.0
LightGBM,north_west,2026-03-02,5760.8,6474.6,7118.7,5849.0
LightGBM,north_west,2026-03-09,5723.6,6181.9,7034.7,5037.0
LightGBM,north_west,2026-03-16,4379.0,4983.4,5751.5,5283.0
LightGBM,north_west,2026-03-23,3296.9,4207.7,5334.9,5479.0
LightGBM,north_west,2026-03-30,4056.5,4717.5,5273.1,4705.0
LightGBM,north_west,2026-04-06,3939.3,4392.5,5033.1,4726.0
LightGBM,north_west,2026-04-13,3854.0,4444.1,5015.3,4600.0
LightGBM,north_west,2026-04-20,3599.5,4174.1,5067.0,4851.0
LightGBM,north_west,2026-04-27,3591.1,4357.1,5249.6,5381.0
LightGBM,north_west,2026-05-04,3961.0,4748.9,6534.6,4793.0
LightGBM,north_west,2026-05-11,3936.3,5266.3,7462.9,4683.0
LightGBM,north_west,2026-05-18,4209.0,5570.5,7288.6,3892.0
LightGBM,north_west,2026-05-25,3894.1,5037.4,6616.6,3421.0
LightGBM,north_west,2026-06-01,3443.8,3962.2,4787.5,3240.0
LightGBM,north_west,2026-06-08,3299.8,3543.5,4533.1,4349.0
LightGBM,north_west,2026-06-15,2675.8,3075.9,4108.4,4413.0
LightGBM,north_west,2026-06-22,3185.9,3552.2,4703.2,3713.0
LightGBM,north_west,2026-06-29,3637.0,4251.1,5720.6,3430.0
LightGBM,north_west,2026-07-06,3492.9,4239.1,5182.7,3718.0
LightGBM,north_west,2026-07-13,2940.8,3648.0,4961.9,2863.0
LightGBM,north_west,2026-07-20,3286.8,3538.2,4921.0,2339.0
LightGBM,north_west,2026-07-27,2843.3,3143.6,4215.2,2014.0
LightGBM,south,2024-08-05,5026.3,6601.5,8069.7,3043.0
LightGBM,south,2024-08-12,4242.9,5737.8,7561.8,3815.0
LightGBM,south,2024-08-19,2379.4,3251.5,3865.1,3672.0
LightGBM,south,2024-08-26,3482.1,4352.4,5317.4,3945.0
LightGBM,south,2024-09-02,4070.4,5364.8,6904.4,4101.0
LightGBM,south,2024-09-09,3967.6,5313.9,6782.1,6329.0
LightGBM,south,2024-09-16,4206.1,5599.3,7344.8,9979.0
LightGBM,south,2024-09-23,5985.6,7255.3,9378.4,8845.0
LightGBM,south,2024-09-30,9945.2,12619.0,14751.9,10324.0
LightGBM,south,2024-10-07,8450.9,9702.8,11416.2,9815.0
LightGBM,south,2024-10-14,7878.2,9886.3,11654.4,8217.0
LightGBM,south,2024-10-21,8855.5,9909.0,11935.5,8025.0
LightGBM,south,2024-10-28,6153.8,7674.9,10059.7,7266.0
LightGBM,south,2024-11-04,6924.8,8523.4,10335.9,6084.0
LightGBM,south,2024-11-11,6258.8,7911.7,9009.8,7100.0
LightGBM,south,2024-11-18,5122.1,7018.5,7782.3,7039.0
LightGBM,south,2024-11-25,5878.0,8024.6,8907.7,6871.0
LightGBM,south,2024-12-02,5697.9,7710.7,8759.3,7120.0
LightGBM,south,2024-12-09,5258.7,7253.4,8060.5,7862.0
LightGBM,south,2024-12-16,5717.2,7847.7,8659.7,7918.0
LightGBM,south,2024-12-23,5657.2,7636.8,8607.3,7841.0
LightGBM,south,2024-12-30,5657.2,7570.3,8607.3,7110.0
LightGBM,south,2025-01-13,5810.0,7055.4,7935.5,7450.0
LightGBM,south,2025-01-20,4188.3,5664.7,5874.4,8226.0
LightGBM,south,2025-01-27,6032.8,8256.4,9083.6,9424.0
LightGBM,south,2025-02-03,6218.4,8330.7,10275.7,9709.0
LightGBM,south,2025-02-10,6941.3,8405.8,11710.3,8445.0
LightGBM,south,2025-02-17,6858.5,9338.4,12694.2,7418.0
LightGBM,south,2025-02-24,5973.4,7860.6,10363.0,7730.0
LightGBM,south,2025-03-03,5762.1,7102.0,9571.4,6613.0
LightGBM,south,2025-03-10,5508.2,7284.6,10216.1,4705.0
LightGBM,south,2025-03-17,4856.5,6802.8,7790.8,6333.0
LightGBM,south,2025-03-24,3480.4,5176.7,5934.4,5212.0
LightGBM,south,2025-03-31,4271.5,5421.3,7190.9,6496.0
LightGBM,south,2025-04-07,4037.1,5047.0,6310.6,5449.0
LightGBM,south,2025-04-14,5485.6,6345.0,8063.6,4306.0
LightGBM,south,2025-04-21,4965.8,6182.5,7053.6,3506.0
LightGBM,south,2025-04-28,3500.4,4303.3,5072.7,3730.0
LightGBM,south,2025-05-05,3391.1,4277.3,5585.8,4247.0
LightGBM,south,2025-05-12,3575.2,4313.4,4873.8,4862.0
LightGBM,south,2025-05-19,3986.5,4916.3,5849.6,5510.0
LightGBM,south,2025-05-26,4880.8,5931.0,6711.3,4292.0
LightGBM,south,2025-06-02,5953.4,6826.2,8233.4,5505.0
LightGBM,south,2025-06-09,4744.3,5496.0,7433.3,3396.0
LightGBM,south,2025-06-16,5336.2,6304.3,6974.2,2734.0
LightGBM,south,2025-06-23,3717.7,4415.2,5865.5,2420.0
LightGBM,south,2025-06-30,3602.9,4520.8,5063.4,2440.0
LightGBM,south,2025-07-07,2309.6,3282.4,4964.3,3632.0
LightGBM,south,2025-07-14,2855.9,3610.9,4808.4,4613.0
LightGBM,south,2025-07-21,4496.6,5460.3,5813.3,4402.0
LightGBM,south,2025-07-28,5319.2,6186.7,6706.3,4675.0
LightGBM,south,2025-08-04,3837.7,5115.3,7462.4,4872.0
LightGBM,south,2025-08-11,4061.9,5371.2,7803.7,3469.0
LightGBM,south,2025-08-18,4286.7,5473.0,6854.1,3344.0
LightGBM,south,2025-08-25,3276.3,4287.0,6013.6,2397.0
LightGBM,south,2025-09-01,2682.0,3669.7,5183.5,2191.0
LightGBM,south,2025-09-08,2488.8,3234.3,4538.1,3933.0
LightGBM,south,2025-09-15,2103.1,2784.2,3798.5,6235.0
LightGBM,south,2025-09-22,3801.1,5264.6,6984.4,8361.0
LightGBM,south,2025-09-29,5567.7,7273.8,7983.7,10384.0
LightGBM,south,2025-10-06,6796.4,8624.8,9168.7,8499.0
LightGBM,south,2025-10-13,8539.3,9367.7,11171.5,8814.0
LightGBM,south,2025-10-20,7766.6,8519.9,10661.1,6599.0
LightGBM,south,2025-10-27,6995.8,8097.9,9048.5,5619.0
LightGBM,south,2025-11-03,5994.1,6498.2,7324.6,4943.0
LightGBM,south,2025-11-10,5440.1,5668.4,6443.0,5046.0
LightGBM,south,2025-11-17,4523.5,5300.9,5781.5,6325.0
LightGBM,south,2025-11-24,4446.2,5121.2,5958.9,7722.0
LightGBM,south,2025-12-01,5938.0,6734.4,7108.9,8574.0
LightGBM,south,2025-12-08,6179.0,7298.6,8313.8,8329.0
LightGBM,south,2025-12-15,7031.1,8281.8,9502.8,8478.0
LightGBM,south,2025-12-22,7268.3,7725.2,9215.9,7709.0
LightGBM,south,2025-12-29,7268.3,7724.4,9218.9,5984.0
LightGBM,south,2026-01-12,5595.5,5844.4,6506.2,6066.0
LightGBM,south,2026-01-19,4049.9,5085.8,5960.5,7873.0
LightGBM,south,2026-01-26,5009.9,6071.1,6209.8,8235.0
LightGBM,south,2026-02-02,6084.1,6416.9,7421.5,7293.0
LightGBM,south,2026-02-09,6268.8,6772.2,7740.9,8460.0
LightGBM,south,2026-02-16,5570.8,6243.8,7147.0,5478.0
LightGBM,south,2026-02-23,6191.1,6569.4,7523.0,6459.0
LightGBM,south,2026-03-02,3942.5,4704.7,6089.0,5696.0
LightGBM,south,2026-03-09,4739.7,4985.7,5622.4,5443.0
LightGBM,south,2026-03-16,4089.1,4609.7,5094.7,5979.0
LightGBM,south,2026-03-23,4058.6,4467.4,5148.7,6907.0
LightGBM,south,2026-03-30,4212.8,4685.5,5475.6,5898.0
LightGBM,south,2026-04-06,5701.1,6038.9,6879.9,4187.0
LightGBM,south,2026-04-13,4996.0,5475.4,6003.1,3591.0
LightGBM,south,2026-04-20,3165.1,4220.3,5287.6,4706.0
LightGBM,south,2026-04-27,2655.8,3488.9,4821.4,5291.0
LightGBM,south,2026-05-04,3975.9,4951.6,6963.0,4253.0
LightGBM,south,2026-05-11,3847.7,5291.5,7409.3,5452.0
LightGBM,south,2026-05-18,3749.0,4821.9,6079.6,4840.0
LightGBM,south,2026-05-25,4247.6,5155.6,7411.1,2491.0
LightGBM,south,2026-06-01,4087.2,4486.3,5741.2,2149.0
LightGBM,south,2026-06-08,2271.5,2662.6,3283.1,3184.0
LightGBM,south,2026-06-15,1784.3,2094.7,2931.6,2551.0
LightGBM,south,2026-06-22,2397.9,2603.8,3760.6,2591.0
LightGBM,south,2026-06-29,2540.3,2865.1,3814.8,3271.0
LightGBM,south,2026-07-06,2340.1,2567.7,3903.7,2823.0
LightGBM,south,2026-07-13,3190.5,3491.1,4996.1,3624.0
LightGBM,south,2026-07-20,2518.2,3207.8,4589.7,4138.0
LightGBM,south,2026-07-27,3281.4,3697.2,5344.0,3590.0
TabPFN-3.5,central_west,2024-08-05,4005.8,5208.8,7039.9,3214.0
TabPFN-3.5,central_west,2024-08-12,3904.3,5286.7,7513.5,2751.0
TabPFN-3.5,central_west,2024-08-19,3788.7,5414.9,8312.6,3818.0
TabPFN-3.5,central_west,2024-08-26,3273.8,5487.9,10554.2,5082.0
TabPFN-3.5,central_west,2024-09-02,4389.3,6726.6,11629.6,5356.0
TabPFN-3.5,central_west,2024-09-09,4886.4,7559.8,12089.1,7380.0
TabPFN-3.5,central_west,2024-09-16,4941.0,7628.7,12016.5,8554.0
TabPFN-3.5,central_west,2024-09-23,5743.0,8901.7,13519.7,8880.0
TabPFN-3.5,central_west,2024-09-30,6209.1,8996.0,12632.1,7740.0
TabPFN-3.5,central_west,2024-10-07,6101.9,8441.7,11314.2,7921.0
TabPFN-3.5,central_west,2024-10-14,5615.2,7726.4,10240.9,7681.0
TabPFN-3.5,central_west,2024-10-21,5743.9,7667.0,9869.2,5754.0
TabPFN-3.5,central_west,2024-10-28,5917.1,7758.8,9809.8,6578.0
TabPFN-3.5,central_west,2024-11-04,4203.5,6568.7,9601.3,7230.0
TabPFN-3.5,central_west,2024-11-11,4783.4,7226.0,10444.7,8289.0
TabPFN-3.5,central_west,2024-11-18,4975.8,7644.4,11209.9,8573.0
TabPFN-3.5,central_west,2024-11-25,5836.1,8770.4,12665.3,7522.0
TabPFN-3.5,central_west,2024-12-02,5879.7,8922.1,12927.6,7518.0
TabPFN-3.5,central_west,2024-12-09,5143.6,7971.1,11642.5,8320.0
TabPFN-3.5,central_west,2024-12-16,5597.9,8455.7,12181.4,7964.0
TabPFN-3.5,central_west,2024-12-23,5613.4,8537.9,12386.1,7297.0
TabPFN-3.5,central_west,2024-12-30,5707.1,8399.6,11935.3,5934.0
TabPFN-3.5,central_west,2025-01-13,4664.7,6792.1,9105.2,6307.0
TabPFN-3.5,central_west,2025-01-20,4393.6,6535.1,8782.2,9280.0
TabPFN-3.5,central_west,2025-01-27,5067.8,7402.9,9755.5,10299.0
TabPFN-3.5,central_west,2025-02-03,7450.0,10075.9,13668.5,8464.0
TabPFN-3.5,central_west,2025-02-10,7874.3,10456.2,13892.7,9701.0
TabPFN-3.5,central_west,2025-02-17,7293.8,9742.3,13138.1,7545.0
TabPFN-3.5,central_west,2025-02-24,6447.6,8684.5,11433.9,6068.0
TabPFN-3.5,central_west,2025-03-03,5899.0,7890.2,10380.2,6895.0
TabPFN-3.5,central_west,2025-03-10,5676.8,7748.0,10358.1,6515.0
TabPFN-3.5,central_west,2025-03-17,5683.8,7469.1,9603.7,6355.0
TabPFN-3.5,central_west,2025-03-24,5735.3,7433.3,9414.4,6183.0
TabPFN-3.5,central_west,2025-03-31,5311.5,7001.8,8925.5,5154.0
TabPFN-3.5,central_west,2025-04-07,4789.2,6330.3,8041.1,5581.0
TabPFN-3.5,central_west,2025-04-14,5125.2,6670.1,8416.7,4613.0
TabPFN-3.5,central_west,2025-04-21,5281.7,6607.6,8112.6,3570.0
TabPFN-3.5,central_west,2025-04-28,4727.2,6070.3,7789.4,3085.0
TabPFN-3.5,central_west,2025-05-05,3260.7,4481.8,6072.7,4245.0
TabPFN-3.5,central_west,2025-05-12,2814.8,3886.9,5243.8,4275.0
TabPFN-3.5,central_west,2025-05-19,3454.5,4681.6,6129.6,5171.0
TabPFN-3.5,central_west,2025-05-26,3506.6,4722.7,6226.4,4887.0
TabPFN-3.5,central_west,2025-06-02,3886.9,5191.0,6636.4,3710.0
TabPFN-3.5,central_west,2025-06-09,3731.8,5042.0,6584.7,3835.0
TabPFN-3.5,central_west,2025-06-16,3272.1,4528.0,6174.4,2659.0
TabPFN-3.5,central_west,2025-06-23,3355.3,4545.2,5944.6,3001.0
TabPFN-3.5,central_west,2025-06-30,3253.4,4529.0,6279.0,3464.0
TabPFN-3.5,central_west,2025-07-07,3024.0,4188.1,5754.7,3147.0
TabPFN-3.5,central_west,2025-07-14,3048.6,4122.7,5372.1,2771.0
TabPFN-3.5,central_west,2025-07-21,3002.1,3917.5,4954.3,2876.0
TabPFN-3.5,central_west,2025-07-28,3049.4,3936.9,4925.9,3180.0
TabPFN-3.5,central_west,2025-08-04,3283.2,5099.5,8588.9,2145.0
TabPFN-3.5,central_west,2025-08-11,3328.9,5013.8,7599.3,1974.0
TabPFN-3.5,central_west,2025-08-18,2747.0,5190.7,12179.9,3257.0
TabPFN-3.5,central_west,2025-08-25,2490.1,5451.3,16545.4,4003.0
TabPFN-3.5,central_west,2025-09-01,3576.2,5806.0,10703.3,5163.0
TabPFN-3.5,central_west,2025-09-08,4146.1,6636.7,11331.9,7176.0
TabPFN-3.5,central_west,2025-09-15,4454.2,6993.3,10631.6,6928.0
TabPFN-3.5,central_west,2025-09-22,4970.6,7356.1,10211.0,7083.0
TabPFN-3.5,central_west,2025-09-29,5337.3,7346.2,9581.7,7459.0
TabPFN-3.5,central_west,2025-10-06,5600.5,7451.5,9321.5,7149.0
TabPFN-3.5,central_west,2025-10-13,6003.9,7592.6,9171.5,6173.0
TabPFN-3.5,central_west,2025-10-20,5730.2,7281.5,8782.0,5748.0
TabPFN-3.5,central_west,2025-10-27,6142.7,7519.4,8931.7,5432.0
TabPFN-3.5,central_west,2025-11-03,3894.4,5247.7,6954.7,5986.0
TabPFN-3.5,central_west,2025-11-10,4063.9,5488.3,7311.8,7109.0
TabPFN-3.5,central_west,2025-11-17,4722.8,6214.0,8029.1,8414.0
TabPFN-3.5,central_west,2025-11-24,4787.9,6339.7,8216.4,8423.0
TabPFN-3.5,central_west,2025-12-01,5042.5,6793.5,8868.2,7520.0
TabPFN-3.5,central_west,2025-12-08,4968.1,6833.7,8998.8,6881.0
TabPFN-3.5,central_west,2025-12-15,4664.6,6215.8,8080.9,7269.0
TabPFN-3.5,central_west,2025-12-22,4666.9,6261.0,8155.6,6635.0
TabPFN-3.5,central_west,2025-12-29,4686.9,6253.1,8103.9,6040.0
TabPFN-3.5,central_west,2026-01-12,4404.4,5781.5,7415.6,5743.0
TabPFN-3.5,central_west,2026-01-19,4348.4,5766.4,7603.4,7457.0
TabPFN-3.5,central_west,2026-01-26,4914.1,6346.6,8102.6,8782.0
TabPFN-3.5,central_west,2026-02-02,4488.4,5983.8,8084.1,8762.0
TabPFN-3.5,central_west,2026-02-09,5297.6,7062.7,9487.3,7802.0
TabPFN-3.5,central_west,2026-02-16,5664.4,7341.2,9497.9,7921.0
TabPFN-3.5,central_west,2026-02-23,4985.1,6490.3,8467.2,6195.0
TabPFN-3.5,central_west,2026-03-02,4527.8,5856.9,7524.0,6403.0
TabPFN-3.5,central_west,2026-03-09,4048.7,5275.3,6853.9,6137.0
TabPFN-3.5,central_west,2026-03-16,3866.7,5037.0,6577.3,6062.0
TabPFN-3.5,central_west,2026-03-23,3889.8,5022.3,6487.3,5923.0
TabPFN-3.5,central_west,2026-03-30,3858.1,4978.6,6469.5,4470.0
TabPFN-3.5,central_west,2026-04-06,3945.4,5024.3,6393.4,3980.0
TabPFN-3.5,central_west,2026-04-13,3430.6,4414.5,5674.6,3880.0
TabPFN-3.5,central_west,2026-04-20,3088.6,4052.7,5483.4,4247.0
TabPFN-3.5,central_west,2026-04-27,3196.0,4186.3,5680.7,4900.0
TabPFN-3.5,central_west,2026-05-04,3156.3,4290.6,5994.9,4529.0
TabPFN-3.5,central_west,2026-05-11,3253.9,4442.6,6082.9,5543.0
TabPFN-3.5,central_west,2026-05-18,3279.1,4465.7,6242.2,4003.0
TabPFN-3.5,central_west,2026-05-25,3598.2,5057.3,7058.6,3185.0
TabPFN-3.5,central_west,2026-06-01,2735.3,3828.4,5626.4,3626.0
TabPFN-3.5,central_west,2026-06-08,2667.1,3564.3,4926.7,3265.0
TabPFN-3.5,central_west,2026-06-15,2535.4,3402.8,4534.2,3307.0
TabPFN-3.5,central_west,2026-06-22,2726.6,3597.6,4818.5,2759.0
TabPFN-3.5,central_west,2026-06-29,2935.9,3950.1,5510.0,2592.0
TabPFN-3.5,central_west,2026-07-06,2686.1,3652.8,5177.0,2345.0
TabPFN-3.5,central_west,2026-07-13,2593.6,3552.9,5149.9,2611.0
TabPFN-3.5,central_west,2026-07-20,2507.6,3522.1,5274.4,2233.0
TabPFN-3.5,central_west,2026-07-27,2701.4,3669.4,5223.4,2523.0
TabPFN-3.5,east,2024-08-05,4134.3,5603.5,7603.6,3590.0
TabPFN-3.5,east,2024-08-12,3669.7,5682.9,8328.6,3578.0
TabPFN-3.5,east,2024-08-19,3693.2,5261.4,8027.9,4818.0
TabPFN-3.5,east,2024-08-26,3992.1,5816.4,9227.5,4475.0
TabPFN-3.5,east,2024-09-02,5461.8,7913.1,11865.2,5253.0
TabPFN-3.5,east,2024-09-09,5163.7,7368.6,10880.9,6606.0
TabPFN-3.5,east,2024-09-16,5628.7,8022.0,12033.6,6908.0
TabPFN-3.5,east,2024-09-23,6130.5,8555.8,11989.2,7596.0
TabPFN-3.5,east,2024-09-30,6413.6,9009.6,12257.1,8328.0
TabPFN-3.5,east,2024-10-07,6415.4,8928.4,12015.6,8074.0
TabPFN-3.5,east,2024-10-14,6289.4,9051.7,12467.0,8210.0
TabPFN-3.5,east,2024-10-21,6374.9,8478.1,10884.9,8274.0
TabPFN-3.5,east,2024-10-28,6501.3,8750.8,11329.3,6956.0
TabPFN-3.5,east,2024-11-04,5667.7,8176.6,11396.5,7852.0
TabPFN-3.5,east,2024-11-11,4959.4,7466.7,10560.2,7374.0
TabPFN-3.5,east,2024-11-18,5487.3,8292.3,11909.6,8266.0
TabPFN-3.5,east,2024-11-25,5719.0,8539.9,12276.1,7425.0
TabPFN-3.5,east,2024-12-02,5730.2,8767.6,12752.4,8708.0
TabPFN-3.5,east,2024-12-09,5222.9,8106.2,11820.5,8499.0
TabPFN-3.5,east,2024-12-16,6238.9,9199.9,13065.0,9461.0
TabPFN-3.5,east,2024-12-23,5815.1,8626.2,12197.6,8024.0
TabPFN-3.5,east,2024-12-30,5872.4,8581.2,12008.4,6848.0
TabPFN-3.5,east,2025-01-13,5840.5,8146.2,10749.9,7581.0
TabPFN-3.5,east,2025-01-20,5041.3,7268.1,9541.9,7666.0
TabPFN-3.5,east,2025-01-27,6319.3,8899.6,11780.8,8495.0
TabPFN-3.5,east,2025-02-03,7178.1,9650.6,12833.3,8164.0
TabPFN-3.5,east,2025-02-10,7714.9,10122.0,13298.4,7766.0
TabPFN-3.5,east,2025-02-17,6929.4,9111.4,11931.1,7940.0
TabPFN-3.5,east,2025-02-24,7002.1,9003.5,11510.9,8388.0
TabPFN-3.5,east,2025-03-03,6680.7,8556.0,10840.8,8283.0
TabPFN-3.5,east,2025-03-10,6379.1,8260.8,10457.0,6282.0
TabPFN-3.5,east,2025-03-17,6159.6,7974.2,10083.4,5997.0
TabPFN-3.5,east,2025-03-24,5699.8,7360.0,9309.1,6022.0
TabPFN-3.5,east,2025-03-31,4785.9,6565.9,8626.6,5856.0
TabPFN-3.5,east,2025-04-07,4913.0,6462.4,8169.3,5824.0
TabPFN-3.5,east,2025-04-14,5450.2,6797.6,8270.7,4893.0
TabPFN-3.5,east,2025-04-21,5458.2,6752.6,8189.8,3430.0
TabPFN-3.5,east,2025-04-28,5145.2,6237.3,7426.8,4533.0
TabPFN-3.5,east,2025-05-05,2872.9,4014.8,5462.1,4711.0
TabPFN-3.5,east,2025-05-12,3236.5,4504.3,6030.8,5871.0
TabPFN-3.5,east,2025-05-19,3146.8,4361.2,5808.2,4563.0
TabPFN-3.5,east,2025-05-26,3472.9,4989.3,6863.7,4911.0
TabPFN-3.5,east,2025-06-02,3307.9,4638.6,6229.5,3388.0
TabPFN-3.5,east,2025-06-09,3952.1,5319.4,6889.3,3074.0
TabPFN-3.5,east,2025-06-16,2971.1,4265.1,6137.0,3319.0
TabPFN-3.5,east,2025-06-23,2558.5,3618.7,5013.1,3258.0
TabPFN-3.5,east,2025-06-30,3354.4,4670.2,6431.6,2905.0
TabPFN-3.5,east,2025-07-07,3089.1,4171.0,5497.5,2805.0
TabPFN-3.5,east,2025-07-14,2977.2,4066.5,5436.1,3287.0
TabPFN-3.5,east,2025-07-21,3088.6,4087.8,5282.9,3250.0
TabPFN-3.5,east,2025-07-28,3483.3,4557.3,5828.4,4278.0
TabPFN-3.5,east,2025-08-04,3288.5,5213.3,9038.5,2883.0
TabPFN-3.5,east,2025-08-11,3491.9,5533.9,8388.6,2729.0
TabPFN-3.5,east,2025-08-18,2998.2,5523.4,12434.7,3777.0
TabPFN-3.5,east,2025-08-25,3555.9,5662.6,9972.8,4790.0
TabPFN-3.5,east,2025-09-01,3919.9,6056.9,10294.1,3777.0
TabPFN-3.5,east,2025-09-08,4840.2,6803.8,9680.5,5793.0
TabPFN-3.5,east,2025-09-15,4363.9,6658.1,10437.0,6089.0
TabPFN-3.5,east,2025-09-22,4960.6,7147.2,9744.5,8416.0
TabPFN-3.5,east,2025-09-29,5649.3,7467.2,9673.2,7745.0
TabPFN-3.5,east,2025-10-06,5674.9,7810.6,10030.2,7636.0
TabPFN-3.5,east,2025-10-13,6058.6,8197.2,10352.5,7560.0
TabPFN-3.5,east,2025-10-20,6361.6,8064.3,9724.3,4946.0
TabPFN-3.5,east,2025-10-27,5947.1,7489.5,9021.2,6195.0
TabPFN-3.5,east,2025-11-03,3931.3,5341.6,7117.8,4925.0
TabPFN-3.5,east,2025-11-10,4393.3,5924.9,7808.6,5718.0
TabPFN-3.5,east,2025-11-17,4092.2,5524.2,7370.5,7015.0
TabPFN-3.5,east,2025-11-24,4580.5,6082.8,7954.7,8202.0
TabPFN-3.5,east,2025-12-01,4896.7,6583.6,8632.2,8377.0
TabPFN-3.5,east,2025-12-08,5231.2,7033.0,9162.3,8895.0
TabPFN-3.5,east,2025-12-15,5163.1,6922.8,8961.3,8399.0
TabPFN-3.5,east,2025-12-22,5206.4,7397.2,9902.0,7071.0
TabPFN-3.5,east,2025-12-29,5274.2,7417.1,9836.4,5577.0
TabPFN-3.5,east,2026-01-12,4448.0,5855.9,7563.6,7139.0
TabPFN-3.5,east,2026-01-19,4042.6,5528.9,7576.8,7862.0
TabPFN-3.5,east,2026-01-26,5233.7,6733.8,8613.1,8274.0
TabPFN-3.5,east,2026-02-02,4936.6,6434.3,8444.4,8827.0
TabPFN-3.5,east,2026-02-09,5285.3,6962.5,9211.5,6826.0
TabPFN-3.5,east,2026-02-16,5436.7,7018.8,9043.5,7774.0
TabPFN-3.5,east,2026-02-23,4373.1,5747.9,7536.9,6008.0
TabPFN-3.5,east,2026-03-02,4534.1,5846.3,7481.7,6072.0
TabPFN-3.5,east,2026-03-09,3977.4,5179.5,6750.4,5088.0
TabPFN-3.5,east,2026-03-16,3888.0,5085.2,6718.9,5922.0
TabPFN-3.5,east,2026-03-23,3505.6,4544.5,5944.0,5806.0
TabPFN-3.5,east,2026-03-30,3843.5,4928.0,6332.0,4493.0
TabPFN-3.5,east,2026-04-06,4038.6,5132.3,6518.6,4527.0
TabPFN-3.5,east,2026-04-13,3634.1,4669.9,6017.6,5123.0
TabPFN-3.5,east,2026-04-20,3547.1,4530.8,5789.1,5467.0
TabPFN-3.5,east,2026-04-27,3545.1,4545.5,5820.9,5209.0
TabPFN-3.5,east,2026-05-04,3434.7,4817.8,6644.3,4452.0
TabPFN-3.5,east,2026-05-11,3448.8,4676.3,6413.9,5088.0
TabPFN-3.5,east,2026-05-18,2960.3,3984.3,5489.5,4261.0
TabPFN-3.5,east,2026-05-25,3429.3,4762.9,6715.1,3711.0
TabPFN-3.5,east,2026-06-01,2883.5,3847.5,5106.5,3693.0
TabPFN-3.5,east,2026-06-08,2886.5,3794.8,5009.4,3782.0
TabPFN-3.5,east,2026-06-15,2806.7,3653.5,4764.8,3130.0
TabPFN-3.5,east,2026-06-22,3094.4,4025.5,5202.6,2597.0
TabPFN-3.5,east,2026-06-29,2696.4,3622.0,5116.9,3501.0
TabPFN-3.5,east,2026-07-06,2669.7,3615.6,5112.0,3232.0
TabPFN-3.5,east,2026-07-13,3112.0,4072.0,5455.1,2681.0
TabPFN-3.5,east,2026-07-20,3199.8,4259.7,5854.8,3212.0
TabPFN-3.5,east,2026-07-27,3176.2,4176.3,5802.6,1697.0
TabPFN-3.5,north_west,2024-08-05,4332.3,5688.8,7477.9,4657.0
TabPFN-3.5,north_west,2024-08-12,3727.8,5032.5,7050.0,3459.0
TabPFN-3.5,north_west,2024-08-19,4649.1,6186.0,8484.6,5181.0
TabPFN-3.5,north_west,2024-08-26,3723.0,5550.5,8653.3,6449.0
TabPFN-3.5,north_west,2024-09-02,4913.4,7669.7,11921.7,5279.0
TabPFN-3.5,north_west,2024-09-09,5027.1,8100.3,12628.4,6117.0
TabPFN-3.5,north_west,2024-09-16,4843.3,6833.3,9642.9,8393.0
TabPFN-3.5,north_west,2024-09-23,5595.4,7980.8,11288.4,7043.0
TabPFN-3.5,north_west,2024-09-30,6022.0,8450.5,11503.9,7784.0
TabPFN-3.5,north_west,2024-10-07,5331.8,7310.2,9585.5,8144.0
TabPFN-3.5,north_west,2024-10-14,5981.7,8243.2,10929.5,7240.0
TabPFN-3.5,north_west,2024-10-21,5851.7,7994.7,10497.6,6662.0
TabPFN-3.5,north_west,2024-10-28,5921.3,7662.2,9504.6,5629.0
TabPFN-3.5,north_west,2024-11-04,5027.0,7406.0,10463.4,7345.0
TabPFN-3.5,north_west,2024-11-11,4260.6,6479.6,9316.4,7919.0
TabPFN-3.5,north_west,2024-11-18,4631.0,6987.6,10169.2,7846.0
TabPFN-3.5,north_west,2024-11-25,5311.8,8161.3,11997.9,8311.0
TabPFN-3.5,north_west,2024-12-02,5814.8,8660.2,12375.4,8968.0
TabPFN-3.5,north_west,2024-12-09,5550.4,8316.9,11894.6,7824.0
TabPFN-3.5,north_west,2024-12-16,6271.1,9028.2,12594.6,7669.0
TabPFN-3.5,north_west,2024-12-23,5477.5,8015.8,11145.4,7369.0
TabPFN-3.5,north_west,2024-12-30,5495.7,8036.0,11111.4,5378.0
TabPFN-3.5,north_west,2025-01-13,3903.0,6086.9,8590.3,6338.0
TabPFN-3.5,north_west,2025-01-20,4645.5,6844.3,9176.6,9468.0
TabPFN-3.5,north_west,2025-01-27,4288.1,6546.3,9016.0,7994.0
TabPFN-3.5,north_west,2025-02-03,8120.4,10975.2,15059.3,8825.0
TabPFN-3.5,north_west,2025-02-10,7002.2,9796.1,13671.9,8801.0
TabPFN-3.5,north_west,2025-02-17,7440.1,10120.5,13965.4,7760.0
TabPFN-3.5,north_west,2025-02-24,6814.4,8840.1,11470.4,8687.0
TabPFN-3.5,north_west,2025-03-03,6473.2,8566.7,11273.0,6996.0
TabPFN-3.5,north_west,2025-03-10,6257.5,8092.2,10241.4,6097.0
TabPFN-3.5,north_west,2025-03-17,6019.9,7822.9,10000.5,5712.0
TabPFN-3.5,north_west,2025-03-24,5517.0,7421.1,9676.5,5234.0
TabPFN-3.5,north_west,2025-03-31,4721.7,6563.6,8677.1,5840.0
TabPFN-3.5,north_west,2025-04-07,4742.4,6621.6,8713.0,5770.0
TabPFN-3.5,north_west,2025-04-14,5854.8,7353.7,9110.7,3945.0
TabPFN-3.5,north_west,2025-04-21,5691.4,6926.2,8345.8,3273.0
TabPFN-3.5,north_west,2025-04-28,4707.6,6307.4,8803.4,3537.0
TabPFN-3.5,north_west,2025-05-05,2941.8,4170.5,5931.0,4447.0
TabPFN-3.5,north_west,2025-05-12,3187.8,4431.1,6023.6,4600.0
TabPFN-3.5,north_west,2025-05-19,2846.6,3990.6,5373.1,5007.0
TabPFN-3.5,north_west,2025-05-26,3715.9,5066.8,6620.2,5193.0
TabPFN-3.5,north_west,2025-06-02,3896.9,5290.8,6919.5,3908.0
TabPFN-3.5,north_west,2025-06-09,3865.6,5213.0,6820.1,4416.0
TabPFN-3.5,north_west,2025-06-16,3312.2,4512.4,5940.8,2898.0
TabPFN-3.5,north_west,2025-06-23,3758.9,5095.9,6655.2,3300.0
TabPFN-3.5,north_west,2025-06-30,3174.6,4404.1,6041.2,3380.0
TabPFN-3.5,north_west,2025-07-07,3313.9,4502.9,5968.7,4897.0
TabPFN-3.5,north_west,2025-07-14,2834.2,3892.1,5202.7,2800.0
TabPFN-3.5,north_west,2025-07-21,3435.2,4553.4,5808.6,3457.0
TabPFN-3.5,north_west,2025-07-28,2475.0,3302.0,4303.3,3413.0
TabPFN-3.5,north_west,2025-08-04,3588.7,5664.6,9774.2,3506.0
TabPFN-3.5,north_west,2025-08-11,3691.4,5375.8,8198.5,2571.0
TabPFN-3.5,north_west,2025-08-18,3839.4,5836.7,9558.6,4339.0
TabPFN-3.5,north_west,2025-08-25,3259.2,6343.0,15663.1,4741.0
TabPFN-3.5,north_west,2025-09-01,4085.2,6267.9,10450.5,4604.0
TabPFN-3.5,north_west,2025-09-08,4598.8,6692.7,9933.6,5786.0
TabPFN-3.5,north_west,2025-09-15,4783.6,7156.8,11166.2,7435.0
TabPFN-3.5,north_west,2025-09-22,5087.7,6970.4,9219.8,8115.0
TabPFN-3.5,north_west,2025-09-29,5827.8,7848.3,9960.8,8164.0
TabPFN-3.5,north_west,2025-10-06,6007.1,8026.4,10077.3,6851.0
TabPFN-3.5,north_west,2025-10-13,5859.7,7764.1,9647.0,6497.0
TabPFN-3.5,north_west,2025-10-20,6028.6,7415.9,8976.2,5519.0
TabPFN-3.5,north_west,2025-10-27,5693.6,6964.7,8361.1,4734.0
TabPFN-3.5,north_west,2025-11-03,4107.5,5539.7,7335.3,5532.0
TabPFN-3.5,north_west,2025-11-10,3764.9,5193.0,7096.2,7671.0
TabPFN-3.5,north_west,2025-11-17,4410.8,5906.9,7854.8,9645.0
TabPFN-3.5,north_west,2025-11-24,5237.2,7115.3,9360.2,7165.0
TabPFN-3.5,north_west,2025-12-01,5448.1,7671.0,10263.5,8487.0
TabPFN-3.5,north_west,2025-12-08,4593.3,6154.1,8101.7,6228.0
TabPFN-3.5,north_west,2025-12-15,4917.3,6652.6,8707.6,7318.0
TabPFN-3.5,north_west,2025-12-22,4409.3,5911.4,7748.3,7456.0
TabPFN-3.5,north_west,2025-12-29,4408.5,5900.3,7729.8,4553.0
TabPFN-3.5,north_west,2026-01-12,4041.6,5495.0,7430.4,6270.0
TabPFN-3.5,north_west,2026-01-19,4199.4,5755.4,7919.8,5724.0
TabPFN-3.5,north_west,2026-01-26,5077.4,6598.3,8518.7,9267.0
TabPFN-3.5,north_west,2026-02-02,4257.9,5792.1,8153.1,8113.0
TabPFN-3.5,north_west,2026-02-09,5530.6,7298.1,9710.0,8125.0
TabPFN-3.5,north_west,2026-02-16,5526.5,7245.2,9529.2,7988.0
TabPFN-3.5,north_west,2026-02-23,5256.0,6868.3,8971.7,7057.0
TabPFN-3.5,north_west,2026-03-02,4690.6,6051.2,7747.6,5849.0
TabPFN-3.5,north_west,2026-03-09,4601.9,5937.4,7634.4,5037.0
TabPFN-3.5,north_west,2026-03-16,3832.4,4961.1,6456.6,5283.0
TabPFN-3.5,north_west,2026-03-23,3107.6,4102.6,5514.4,5479.0
TabPFN-3.5,north_west,2026-03-30,3601.6,4661.7,6041.8,4705.0
TabPFN-3.5,north_west,2026-04-06,3609.5,4652.6,6036.2,4726.0
TabPFN-3.5,north_west,2026-04-13,3770.5,4820.8,6179.3,4600.0
TabPFN-3.5,north_west,2026-04-20,3657.4,4691.5,6060.5,4851.0
TabPFN-3.5,north_west,2026-04-27,3507.4,4492.8,5817.3,5381.0
TabPFN-3.5,north_west,2026-05-04,3228.5,4314.2,5802.7,4793.0
TabPFN-3.5,north_west,2026-05-11,3230.9,4354.7,5829.8,4683.0
TabPFN-3.5,north_west,2026-05-18,3220.7,4341.6,5839.5,3892.0
TabPFN-3.5,north_west,2026-05-25,3249.8,4383.0,6051.9,3421.0
TabPFN-3.5,north_west,2026-06-01,2846.5,3774.2,5076.9,3240.0
TabPFN-3.5,north_west,2026-06-08,2947.0,3876.3,5213.8,4349.0
TabPFN-3.5,north_west,2026-06-15,2602.5,3438.5,4650.1,4413.0
TabPFN-3.5,north_west,2026-06-22,3024.9,3955.8,5278.5,3713.0
TabPFN-3.5,north_west,2026-06-29,3279.4,4282.6,5599.0,3430.0
TabPFN-3.5,north_west,2026-07-06,3402.1,4473.5,6110.7,3718.0
TabPFN-3.5,north_west,2026-07-13,2812.1,3621.4,4720.8,2863.0
TabPFN-3.5,north_west,2026-07-20,3045.1,3845.2,4879.1,2339.0
TabPFN-3.5,north_west,2026-07-27,2903.1,3607.9,4526.4,2014.0
TabPFN-3.5,south,2024-08-05,4328.8,6020.1,8114.3,3043.0
TabPFN-3.5,south,2024-08-12,4337.6,5757.2,7662.7,3815.0
TabPFN-3.5,south,2024-08-19,3094.5,4867.9,8305.8,3672.0
TabPFN-3.5,south,2024-08-26,4189.4,5845.6,8677.7,3945.0
TabPFN-3.5,south,2024-09-02,4309.0,6223.5,9464.3,4101.0
TabPFN-3.5,south,2024-09-09,4554.1,6584.3,10164.1,6329.0
TabPFN-3.5,south,2024-09-16,4559.5,7114.7,12244.5,9979.0
TabPFN-3.5,south,2024-09-23,5835.2,8615.5,13267.3,8845.0
TabPFN-3.5,south,2024-09-30,6449.7,10993.5,17698.3,10324.0
TabPFN-3.5,south,2024-10-07,6032.0,9101.8,13034.2,9815.0
TabPFN-3.5,south,2024-10-14,5949.3,9036.6,13049.4,8217.0
TabPFN-3.5,south,2024-10-21,5666.8,8288.4,11387.7,8025.0
TabPFN-3.5,south,2024-10-28,5349.7,7489.7,9827.8,7266.0
TabPFN-3.5,south,2024-11-04,5886.1,8382.6,11600.8,6084.0
TabPFN-3.5,south,2024-11-11,5408.6,7802.8,10823.0,7100.0
TabPFN-3.5,south,2024-11-18,4683.0,6972.0,9810.7,7039.0
TabPFN-3.5,south,2024-11-25,5416.6,7846.3,11059.2,6871.0
TabPFN-3.5,south,2024-12-02,5149.6,7831.1,11384.4,7120.0
TabPFN-3.5,south,2024-12-09,5006.4,7536.9,10794.4,7862.0
TabPFN-3.5,south,2024-12-16,5260.8,7908.5,11367.4,7918.0
TabPFN-3.5,south,2024-12-23,5290.0,7802.3,11041.3,7841.0
TabPFN-3.5,south,2024-12-30,5288.8,7746.4,10873.4,7110.0
TabPFN-3.5,south,2025-01-13,5604.4,7922.3,10442.6,7450.0
TabPFN-3.5,south,2025-01-20,4400.3,6726.6,9217.3,8226.0
TabPFN-3.5,south,2025-01-27,6404.1,8900.4,11591.3,9424.0
TabPFN-3.5,south,2025-02-03,7348.7,10157.5,14047.9,9709.0
TabPFN-3.5,south,2025-02-10,7788.5,10275.3,13658.2,8445.0
TabPFN-3.5,south,2025-02-17,7112.3,9551.4,12573.8,7418.0
TabPFN-3.5,south,2025-02-24,6762.7,8988.0,11950.4,7730.0
TabPFN-3.5,south,2025-03-03,6125.6,8070.8,10456.8,6613.0
TabPFN-3.5,south,2025-03-10,6171.9,8023.4,10179.2,4705.0
TabPFN-3.5,south,2025-03-17,5790.5,7810.9,10201.2,6333.0
TabPFN-3.5,south,2025-03-24,4556.7,7048.6,10685.5,5212.0
TabPFN-3.5,south,2025-03-31,4858.1,6679.3,8775.4,6496.0
TabPFN-3.5,south,2025-04-07,4637.7,6444.6,8459.1,5449.0
TabPFN-3.5,south,2025-04-14,5872.4,7296.3,8997.5,4306.0
TabPFN-3.5,south,2025-04-21,5364.0,6778.3,8442.4,3506.0
TabPFN-3.5,south,2025-04-28,4792.0,6115.3,7693.8,3730.0
TabPFN-3.5,south,2025-05-05,3164.2,4429.1,6131.7,4247.0
TabPFN-3.5,south,2025-05-12,2835.1,3895.6,5179.5,4862.0
TabPFN-3.5,south,2025-05-19,3322.1,4508.2,5913.3,5510.0
TabPFN-3.5,south,2025-05-26,3110.3,4292.0,5665.5,4292.0
TabPFN-3.5,south,2025-06-02,3425.8,4860.3,6593.4,5505.0
TabPFN-3.5,south,2025-06-09,3320.3,4563.9,6011.9,3396.0
TabPFN-3.5,south,2025-06-16,3763.3,5109.0,6669.3,2734.0
TabPFN-3.5,south,2025-06-23,2994.8,4172.4,5657.7,2420.0
TabPFN-3.5,south,2025-06-30,3475.8,4783.3,6543.6,2440.0
TabPFN-3.5,south,2025-07-07,2556.2,3832.5,5684.8,3632.0
TabPFN-3.5,south,2025-07-14,2765.6,4174.1,6216.3,4613.0
TabPFN-3.5,south,2025-07-21,3573.6,4759.5,6196.9,4402.0
TabPFN-3.5,south,2025-07-28,3688.0,4824.9,6041.1,4675.0
TabPFN-3.5,south,2025-08-04,3151.2,5260.2,8218.0,4872.0
TabPFN-3.5,south,2025-08-11,3600.0,5490.9,7826.4,3469.0
TabPFN-3.5,south,2025-08-18,3670.7,5413.1,7353.5,3344.0
TabPFN-3.5,south,2025-08-25,4232.4,5819.3,8115.2,2397.0
TabPFN-3.5,south,2025-09-01,4106.4,5996.4,9343.2,2191.0
TabPFN-3.5,south,2025-09-08,3765.5,6635.6,14504.4,3933.0
TabPFN-3.5,south,2025-09-15,2863.2,6594.4,22064.7,6235.0
TabPFN-3.5,south,2025-09-22,4088.7,6818.9,12496.3,8361.0
TabPFN-3.5,south,2025-09-29,5146.0,8276.8,13068.8,10384.0
TabPFN-3.5,south,2025-10-06,5336.2,8396.7,12158.1,8499.0
TabPFN-3.5,south,2025-10-13,4886.0,8056.9,11693.0,8814.0
TabPFN-3.5,south,2025-10-20,5838.9,8059.6,10360.1,6599.0
TabPFN-3.5,south,2025-10-27,5614.8,7346.2,9112.2,5619.0
TabPFN-3.5,south,2025-11-03,4088.0,5767.8,7857.6,4943.0
TabPFN-3.5,south,2025-11-10,4071.2,5676.9,7678.7,5046.0
TabPFN-3.5,south,2025-11-17,3766.2,5280.3,7276.6,6325.0
TabPFN-3.5,south,2025-11-24,3819.7,5318.7,7403.8,7722.0
TabPFN-3.5,south,2025-12-01,4660.0,6149.6,8032.0,8574.0
TabPFN-3.5,south,2025-12-08,5044.2,6699.3,8675.2,8329.0
TabPFN-3.5,south,2025-12-15,5160.0,6956.6,9091.7,8478.0
TabPFN-3.5,south,2025-12-22,5076.1,6789.1,8770.9,7709.0
TabPFN-3.5,south,2025-12-29,5071.2,6779.0,8736.4,5984.0
TabPFN-3.5,south,2026-01-12,4469.7,5844.2,7456.7,6066.0
TabPFN-3.5,south,2026-01-19,4073.9,5591.4,7648.2,7873.0
TabPFN-3.5,south,2026-01-26,4856.3,6265.8,8057.9,8235.0
TabPFN-3.5,south,2026-02-02,4824.1,6409.5,8577.8,7293.0
TabPFN-3.5,south,2026-02-09,5398.4,7106.7,9420.8,8460.0
TabPFN-3.5,south,2026-02-16,5037.0,6595.9,8659.8,5478.0
TabPFN-3.5,south,2026-02-23,4965.3,6396.8,8193.8,6459.0
TabPFN-3.5,south,2026-03-02,3733.7,4999.3,6737.2,5696.0
TabPFN-3.5,south,2026-03-09,3847.4,5024.0,6612.9,5443.0
TabPFN-3.5,south,2026-03-16,3537.2,4677.7,6252.3,5979.0
TabPFN-3.5,south,2026-03-23,3636.8,4791.1,6404.8,6907.0
TabPFN-3.5,south,2026-03-30,3752.9,4874.1,6389.6,5898.0
TabPFN-3.5,south,2026-04-06,4244.9,5433.4,6933.1,4187.0
TabPFN-3.5,south,2026-04-13,4151.3,5270.6,6710.0,3591.0
TabPFN-3.5,south,2026-04-20,3256.8,4233.8,5532.2,4706.0
TabPFN-3.5,south,2026-04-27,2762.6,3656.0,4989.4,5291.0
TabPFN-3.5,south,2026-05-04,3150.4,4413.3,6137.3,4253.0
TabPFN-3.5,south,2026-05-11,3214.7,4468.5,6167.5,5452.0
TabPFN-3.5,south,2026-05-18,3281.5,4451.7,6229.1,4840.0
TabPFN-3.5,south,2026-05-25,3227.5,4475.5,6173.8,2491.0
TabPFN-3.5,south,2026-06-01,3188.3,4418.7,6449.1,2149.0
TabPFN-3.5,south,2026-06-08,2418.0,3368.7,4991.8,3184.0
TabPFN-3.5,south,2026-06-15,1827.5,2679.2,4253.8,2551.0
TabPFN-3.5,south,2026-06-22,2169.8,3058.0,4539.1,2591.0
TabPFN-3.5,south,2026-06-29,2585.4,3776.6,5939.5,3271.0
TabPFN-3.5,south,2026-07-06,2741.2,4187.9,7064.6,2823.0
TabPFN-3.5,south,2026-07-13,3113.6,4431.4,6753.4,3624.0
TabPFN-3.5,south,2026-07-20,3248.9,4534.0,6809.2,4138.0
TabPFN-3.5,south,2026-07-27,3362.4,4435.5,6024.0,3590.0
XGBoost,central_west,2024-08-05,3778.3,5438.1,7597.5,3214.0
XGBoost,central_west,2024-08-12,3481.9,4973.1,6966.0,2751.0
XGBoost,central_west,2024-08-19,3351.6,4682.1,7322.4,3818.0
XGBoost,central_west,2024-08-26,2845.9,3939.7,6147.5,5082.0
XGBoost,central_west,2024-09-02,4013.0,5501.6,7442.4,5356.0
XGBoost,central_west,2024-09-09,5716.2,7745.1,9350.8,7380.0
XGBoost,central_west,2024-09-16,5867.7,7822.1,8989.2,8554.0
XGBoost,central_west,2024-09-23,7881.4,10096.3,11320.3,8880.0
XGBoost,central_west,2024-09-30,9351.5,10470.6,11721.8,7740.0
XGBoost,central_west,2024-10-07,8938.8,9338.0,9969.9,7921.0
XGBoost,central_west,2024-10-14,7644.3,8199.8,9284.5,7681.0
XGBoost,central_west,2024-10-21,8010.3,8914.0,9278.4,5754.0
XGBoost,central_west,2024-10-28,8407.5,9983.3,10398.9,6578.0
XGBoost,central_west,2024-11-04,5326.8,6299.6,7268.7,7230.0
XGBoost,central_west,2024-11-11,5939.9,7017.2,8121.5,8289.0
XGBoost,central_west,2024-11-18,6254.6,7462.3,8559.1,8573.0
XGBoost,central_west,2024-11-25,6966.1,8742.5,9899.9,7522.0
XGBoost,central_west,2024-12-02,7458.2,8538.5,9789.0,7518.0
XGBoost,central_west,2024-12-09,6748.4,7904.5,9062.4,8320.0
XGBoost,central_west,2024-12-16,7164.4,8271.4,9586.0,7964.0
XGBoost,central_west,2024-12-23,7147.6,8425.0,9247.9,7297.0
XGBoost,central_west,2024-12-30,7147.6,8463.7,9247.9,5934.0
XGBoost,central_west,2025-01-13,5148.3,6015.7,6657.5,6307.0
XGBoost,central_west,2025-01-20,4780.4,5717.4,6434.5,9280.0
XGBoost,central_west,2025-01-27,5136.7,6097.5,6953.1,10299.0
XGBoost,central_west,2025-02-03,6489.9,8243.6,9911.8,8464.0
XGBoost,central_west,2025-02-10,7029.7,9038.5,11396.2,9701.0
XGBoost,central_west,2025-02-17,6345.6,8463.3,10083.8,7545.0
XGBoost,central_west,2025-02-24,6408.7,8295.8,10133.8,6068.0
XGBoost,central_west,2025-03-03,5273.3,7235.2,8366.2,6895.0
XGBoost,central_west,2025-03-10,4744.0,6824.0,8257.6,6515.0
XGBoost,central_west,2025-03-17,4719.6,6579.5,7946.0,6355.0
XGBoost,central_west,2025-03-24,4792.5,6907.8,8218.7,6183.0
XGBoost,central_west,2025-03-31,4713.0,5945.8,7460.6,5154.0
XGBoost,central_west,2025-04-07,4342.4,5448.2,6874.0,5581.0
XGBoost,central_west,2025-04-14,3400.2,5114.2,6076.3,4613.0
XGBoost,central_west,2025-04-21,3888.9,5765.9,6921.9,3570.0
XGBoost,central_west,2025-04-28,3232.0,4267.1,5056.3,3085.0
XGBoost,central_west,2025-05-05,3671.9,4300.3,5393.2,4245.0
XGBoost,central_west,2025-05-12,3360.0,4112.5,4673.6,4275.0
XGBoost,central_west,2025-05-19,4478.8,5680.2,6672.6,5171.0
XGBoost,central_west,2025-05-26,4099.5,5050.9,6493.2,4887.0
XGBoost,central_west,2025-06-02,4967.5,6188.0,6722.4,3710.0
XGBoost,central_west,2025-06-09,4561.0,5583.2,6792.1,3835.0
XGBoost,central_west,2025-06-16,3598.8,4434.1,5359.4,2659.0
XGBoost,central_west,2025-06-23,4079.2,5235.2,6283.6,3001.0
XGBoost,central_west,2025-06-30,3439.2,4179.0,5309.9,3464.0
XGBoost,central_west,2025-07-07,2836.9,3956.1,4589.9,3147.0
XGBoost,central_west,2025-07-14,3711.4,4974.2,5790.7,2771.0
XGBoost,central_west,2025-07-21,3422.0,4281.2,5150.4,2876.0
XGBoost,central_west,2025-07-28,2957.5,3847.7,4434.7,3180.0
XGBoost,central_west,2025-08-04,2564.2,3860.8,5114.5,2145.0
XGBoost,central_west,2025-08-11,3244.3,4803.8,6466.2,1974.0
XGBoost,central_west,2025-08-18,2017.7,3038.0,4133.8,3257.0
XGBoost,central_west,2025-08-25,1773.0,2669.6,3536.7,4003.0
XGBoost,central_west,2025-09-01,3161.6,4547.3,6034.9,5163.0
XGBoost,central_west,2025-09-08,3961.4,5956.2,7209.8,7176.0
XGBoost,central_west,2025-09-15,4968.8,6329.5,7133.9,6928.0
XGBoost,central_west,2025-09-22,6571.9,7254.2,8423.7,7083.0
XGBoost,central_west,2025-09-29,6241.8,7448.2,8235.5,7459.0
XGBoost,central_west,2025-10-06,6594.6,7645.2,8859.1,7149.0
XGBoost,central_west,2025-10-13,6192.4,7233.5,8510.4,6173.0
XGBoost,central_west,2025-10-20,5078.6,6707.8,8272.9,5748.0
XGBoost,central_west,2025-10-27,4809.6,6372.5,8398.4,5432.0
XGBoost,central_west,2025-11-03,4365.7,5332.7,5523.3,5986.0
XGBoost,central_west,2025-11-10,4156.4,5237.2,5873.5,7109.0
XGBoost,central_west,2025-11-17,5745.3,6510.5,6989.7,8414.0
XGBoost,central_west,2025-11-24,6081.6,6551.4,7569.2,8423.0
XGBoost,central_west,2025-12-01,6564.1,7428.7,8777.3,7520.0
XGBoost,central_west,2025-12-08,6780.1,7773.3,9045.1,6881.0
XGBoost,central_west,2025-12-15,5679.0,6467.9,7759.4,7269.0
XGBoost,central_west,2025-12-22,6084.1,6533.5,8089.3,6635.0
XGBoost,central_west,2025-12-29,6084.1,6524.7,8036.0,6040.0
XGBoost,central_west,2026-01-12,4692.3,5922.8,6217.4,5743.0
XGBoost,central_west,2026-01-19,4516.2,5386.9,6345.4,7457.0
XGBoost,central_west,2026-01-26,4692.8,5880.6,6404.0,8782.0
XGBoost,central_west,2026-02-02,4722.7,5711.5,7408.9,8762.0
XGBoost,central_west,2026-02-09,5748.7,6582.6,8267.3,7802.0
XGBoost,central_west,2026-02-16,6255.4,7201.4,9467.4,7921.0
XGBoost,central_west,2026-02-23,5203.1,6282.6,8384.1,6195.0
XGBoost,central_west,2026-03-02,4968.8,5874.5,7421.4,6403.0
XGBoost,central_west,2026-03-09,4337.5,5161.2,6894.4,6137.0
XGBoost,central_west,2026-03-16,4100.3,4881.7,6172.9,6062.0
XGBoost,central_west,2026-03-23,4293.0,5111.1,6449.9,5923.0
XGBoost,central_west,2026-03-30,4099.0,4919.9,6171.0,4470.0
XGBoost,central_west,2026-04-06,4340.0,5195.2,6555.9,3980.0
XGBoost,central_west,2026-04-13,3659.9,4045.4,5772.7,3880.0
XGBoost,central_west,2026-04-20,3213.1,4043.0,4755.0,4247.0
XGBoost,central_west,2026-04-27,3579.6,3849.4,4943.9,4900.0
XGBoost,central_west,2026-05-04,4406.4,4948.8,6062.9,4529.0
XGBoost,central_west,2026-05-11,5021.6,5664.1,6889.0,5543.0
XGBoost,central_west,2026-05-18,4609.3,5699.1,6461.2,4003.0
XGBoost,central_west,2026-05-25,5537.9,7284.1,7916.0,3185.0
XGBoost,central_west,2026-06-01,4031.1,4380.7,4708.6,3626.0
XGBoost,central_west,2026-06-08,2915.0,3383.6,3764.3,3265.0
XGBoost,central_west,2026-06-15,3124.5,3754.1,4476.4,3307.0
XGBoost,central_west,2026-06-22,3190.9,3546.9,4073.3,2759.0
XGBoost,central_west,2026-06-29,2974.0,3772.7,4231.3,2592.0
XGBoost,central_west,2026-07-06,2698.2,3664.4,4341.2,2345.0
XGBoost,central_west,2026-07-13,2373.3,3343.2,3780.9,2611.0
XGBoost,central_west,2026-07-20,2326.6,3222.5,3706.5,2233.0
XGBoost,central_west,2026-07-27,2502.9,3279.1,3987.4,2523.0
XGBoost,east,2024-08-05,4364.3,6242.9,8726.8,3590.0
XGBoost,east,2024-08-12,4614.6,6410.7,8538.8,3578.0
XGBoost,east,2024-08-19,3099.9,4303.9,5352.5,4818.0
XGBoost,east,2024-08-26,3467.7,4778.4,6403.7,4475.0
XGBoost,east,2024-09-02,5898.2,7993.1,9613.5,5253.0
XGBoost,east,2024-09-09,5221.3,7047.5,8295.6,6606.0
XGBoost,east,2024-09-16,5506.4,7458.9,9250.6,6908.0
XGBoost,east,2024-09-23,7037.4,9065.9,10776.7,7596.0
XGBoost,east,2024-09-30,8235.7,9685.5,11108.1,8328.0
XGBoost,east,2024-10-07,8769.3,10099.5,10922.2,8074.0
XGBoost,east,2024-10-14,9207.3,10768.5,11255.9,8210.0
XGBoost,east,2024-10-21,8578.6,9552.1,10034.7,8274.0
XGBoost,east,2024-10-28,8972.8,9466.6,9817.8,6956.0
XGBoost,east,2024-11-04,6857.8,7494.4,8923.3,7852.0
XGBoost,east,2024-11-11,6142.4,6851.0,7886.1,7374.0
XGBoost,east,2024-11-18,6671.2,8099.3,9211.2,8266.0
XGBoost,east,2024-11-25,7041.1,7932.8,9542.3,7425.0
XGBoost,east,2024-12-02,6955.9,7980.3,9671.6,8708.0
XGBoost,east,2024-12-09,6855.1,7899.0,9113.7,8499.0
XGBoost,east,2024-12-16,7292.0,8291.8,10335.8,9461.0
XGBoost,east,2024-12-23,6964.4,8272.2,9293.8,8024.0
XGBoost,east,2024-12-30,6964.4,8272.2,9293.8,6848.0
XGBoost,east,2025-01-13,6419.2,7591.1,8372.6,7581.0
XGBoost,east,2025-01-20,5265.1,6091.4,6741.3,7666.0
XGBoost,east,2025-01-27,6638.9,7904.8,8948.0,8495.0
XGBoost,east,2025-02-03,5816.0,7600.9,9019.5,8164.0
XGBoost,east,2025-02-10,6349.3,8177.1,9768.1,7766.0
XGBoost,east,2025-02-17,5355.5,7293.3,8452.0,7940.0
XGBoost,east,2025-02-24,5992.4,7764.3,9446.7,8388.0
XGBoost,east,2025-03-03,5376.1,7079.2,8443.5,8283.0
XGBoost,east,2025-03-10,6533.2,8369.5,10057.1,6282.0
XGBoost,east,2025-03-17,5994.3,7719.6,9414.3,5997.0
XGBoost,east,2025-03-24,4953.4,7069.6,8691.6,6022.0
XGBoost,east,2025-03-31,4182.4,5367.3,6976.9,5856.0
XGBoost,east,2025-04-07,4093.1,5221.7,6580.9,5824.0
XGBoost,east,2025-04-14,4081.4,5808.2,7010.9,4893.0
XGBoost,east,2025-04-21,4179.9,5487.5,6837.4,3430.0
XGBoost,east,2025-04-28,4109.6,5181.8,6684.0,4533.0
XGBoost,east,2025-05-05,3572.0,4369.1,5755.1,4711.0
XGBoost,east,2025-05-12,4509.8,5715.7,7197.8,5871.0
XGBoost,east,2025-05-19,4633.8,5780.5,7139.2,4563.0
XGBoost,east,2025-05-26,6091.4,7102.2,9548.0,4911.0
XGBoost,east,2025-06-02,5110.3,6258.4,7563.5,3388.0
XGBoost,east,2025-06-09,4999.5,6221.3,7495.8,3074.0
XGBoost,east,2025-06-16,3225.9,3923.6,5298.4,3319.0
XGBoost,east,2025-06-23,2981.8,3647.2,4519.7,3258.0
XGBoost,east,2025-06-30,3691.0,4721.8,5831.7,2905.0
XGBoost,east,2025-07-07,3420.0,4111.9,5563.3,2805.0
XGBoost,east,2025-07-14,2907.6,3961.1,4769.3,3287.0
XGBoost,east,2025-07-21,3066.3,3738.9,4651.0,3250.0
XGBoost,east,2025-07-28,3719.8,4801.3,5961.8,4278.0
XGBoost,east,2025-08-04,2662.1,3861.3,5302.7,2883.0
XGBoost,east,2025-08-11,4052.9,5774.8,7398.3,2729.0
XGBoost,east,2025-08-18,2225.8,3228.6,4560.2,3777.0
XGBoost,east,2025-08-25,2785.6,4040.5,5545.0,4790.0
XGBoost,east,2025-09-01,3159.0,4306.3,6022.1,3777.0
XGBoost,east,2025-09-08,4724.8,5715.4,6451.4,5793.0
XGBoost,east,2025-09-15,4050.1,5716.8,6809.6,6089.0
XGBoost,east,2025-09-22,6182.5,6897.4,7881.8,8416.0
XGBoost,east,2025-09-29,5680.3,6654.5,7357.0,7745.0
XGBoost,east,2025-10-06,7415.7,8565.6,10160.9,7636.0
XGBoost,east,2025-10-13,7597.9,8704.7,10327.9,7560.0
XGBoost,east,2025-10-20,7084.8,8095.2,9571.6,4946.0
XGBoost,east,2025-10-27,5631.8,7681.1,9068.8,6195.0
XGBoost,east,2025-11-03,4319.3,5442.3,6194.4,4925.0
XGBoost,east,2025-11-10,5079.6,5796.5,6482.9,5718.0
XGBoost,east,2025-11-17,4373.1,5073.8,5969.8,7015.0
XGBoost,east,2025-11-24,5662.7,6446.8,6859.2,8202.0
XGBoost,east,2025-12-01,5878.7,6653.6,8009.4,8377.0
XGBoost,east,2025-12-08,6784.2,8284.9,8945.0,8895.0
XGBoost,east,2025-12-15,6898.2,7935.1,9547.0,8399.0
XGBoost,east,2025-12-22,8235.8,9229.2,11242.9,7071.0
XGBoost,east,2025-12-29,8235.8,9133.0,11168.7,5577.0
XGBoost,east,2026-01-12,4734.1,5622.4,6380.9,7139.0
XGBoost,east,2026-01-19,3922.1,5246.5,6354.9,7862.0
XGBoost,east,2026-01-26,5682.5,6374.2,6870.1,8274.0
XGBoost,east,2026-02-02,6023.7,6578.7,8312.8,8827.0
XGBoost,east,2026-02-09,5539.3,6530.5,8028.5,6826.0
XGBoost,east,2026-02-16,5731.7,6965.6,9248.4,7774.0
XGBoost,east,2026-02-23,4780.8,5755.7,9178.5,6008.0
XGBoost,east,2026-03-02,4978.7,6064.3,7479.9,6072.0
XGBoost,east,2026-03-09,4206.5,5121.9,6650.2,5088.0
XGBoost,east,2026-03-16,4033.5,4926.9,6060.0,5922.0
XGBoost,east,2026-03-23,3540.8,4406.4,5767.2,5806.0
XGBoost,east,2026-03-30,4377.5,5023.3,6180.4,4493.0
XGBoost,east,2026-04-06,4794.1,5328.3,6807.9,4527.0
XGBoost,east,2026-04-13,3987.4,4088.4,5657.4,5123.0
XGBoost,east,2026-04-20,3583.1,4197.6,5445.0,5467.0
XGBoost,east,2026-04-27,4395.7,4761.7,5784.4,5209.0
XGBoost,east,2026-05-04,5517.4,6738.1,7752.5,4452.0
XGBoost,east,2026-05-11,5391.7,5789.4,7313.2,5088.0
XGBoost,east,2026-05-18,4228.1,4844.1,5411.3,4261.0
XGBoost,east,2026-05-25,4725.3,6059.0,6788.3,3711.0
XGBoost,east,2026-06-01,4368.9,4781.3,5189.9,3693.0
XGBoost,east,2026-06-08,3547.7,3922.9,4620.9,3782.0
XGBoost,east,2026-06-15,3291.3,3694.4,4453.4,3130.0
XGBoost,east,2026-06-22,3883.2,4277.5,5004.3,2597.0
XGBoost,east,2026-06-29,2793.9,3200.4,3903.6,3501.0
XGBoost,east,2026-07-06,2529.7,3563.4,3970.8,3232.0
XGBoost,east,2026-07-13,3413.0,4152.6,4752.7,2681.0
XGBoost,east,2026-07-20,3242.8,4139.5,4521.0,3212.0
XGBoost,east,2026-07-27,2726.8,3710.0,4401.7,1697.0
XGBoost,north_west,2024-08-05,4412.5,6390.2,8205.8,4657.0
XGBoost,north_west,2024-08-12,3439.9,4868.8,6976.0,3459.0
XGBoost,north_west,2024-08-19,4566.5,6400.7,8497.9,5181.0
XGBoost,north_west,2024-08-26,3704.5,5147.8,7400.0,6449.0
XGBoost,north_west,2024-09-02,6431.3,8608.9,10520.6,5279.0
XGBoost,north_west,2024-09-09,7272.7,9574.9,11446.9,6117.0
XGBoost,north_west,2024-09-16,5475.8,6943.1,7759.6,8393.0
XGBoost,north_west,2024-09-23,6830.7,8992.2,9938.5,7043.0
XGBoost,north_west,2024-09-30,8844.4,11229.3,11519.2,7784.0
XGBoost,north_west,2024-10-07,7093.9,8316.7,9544.7,8144.0
XGBoost,north_west,2024-10-14,8356.1,9808.2,10516.9,7240.0
XGBoost,north_west,2024-10-21,8526.4,10086.1,10489.7,6662.0
XGBoost,north_west,2024-10-28,7214.4,8851.5,9961.3,5629.0
XGBoost,north_west,2024-11-04,6291.8,6724.7,7992.1,7345.0
XGBoost,north_west,2024-11-11,5112.2,5913.3,6692.8,7919.0
XGBoost,north_west,2024-11-18,5633.8,6726.4,7860.2,7846.0
XGBoost,north_west,2024-11-25,6937.7,7857.1,9316.3,8311.0
XGBoost,north_west,2024-12-02,7333.8,8346.2,9321.0,8968.0
XGBoost,north_west,2024-12-09,6919.1,7930.5,9231.8,7824.0
XGBoost,north_west,2024-12-16,7218.9,8137.7,10152.3,7669.0
XGBoost,north_west,2024-12-23,6633.3,7798.3,8689.1,7369.0
XGBoost,north_west,2024-12-30,6633.3,7798.3,8689.1,5378.0
XGBoost,north_west,2025-01-13,4252.6,5084.3,5620.9,6338.0
XGBoost,north_west,2025-01-20,4980.1,5793.4,6750.5,9468.0
XGBoost,north_west,2025-01-27,4450.2,5555.5,6135.3,7994.0
XGBoost,north_west,2025-02-03,7022.8,8890.0,11343.2,8825.0
XGBoost,north_west,2025-02-10,5472.5,7288.4,8344.8,8801.0
XGBoost,north_west,2025-02-17,6502.3,8359.9,10258.3,7760.0
XGBoost,north_west,2025-02-24,5774.7,7843.4,9113.6,8687.0
XGBoost,north_west,2025-03-03,5606.6,7489.7,8882.2,6996.0
XGBoost,north_west,2025-03-10,5863.6,7755.4,9243.6,6097.0
XGBoost,north_west,2025-03-17,5310.3,7260.0,8643.9,5712.0
XGBoost,north_west,2025-03-24,4366.0,6255.2,7690.3,5234.0
XGBoost,north_west,2025-03-31,3995.4,5119.1,6433.5,5840.0
XGBoost,north_west,2025-04-07,3646.0,4742.9,6117.9,5770.0
XGBoost,north_west,2025-04-14,4207.3,5944.0,7249.9,3945.0
XGBoost,north_west,2025-04-21,4997.0,6697.6,8159.4,3273.0
XGBoost,north_west,2025-04-28,3058.6,4015.7,4761.6,3537.0
XGBoost,north_west,2025-05-05,3140.7,3816.3,4717.0,4447.0
XGBoost,north_west,2025-05-12,3824.6,4731.6,5790.5,4600.0
XGBoost,north_west,2025-05-19,4296.7,5421.0,6387.8,5007.0
XGBoost,north_west,2025-05-26,5084.4,6480.4,7434.8,5193.0
XGBoost,north_west,2025-06-02,5305.9,7052.2,8203.6,3908.0
XGBoost,north_west,2025-06-09,4763.4,5783.9,7355.1,4416.0
XGBoost,north_west,2025-06-16,4181.3,5114.4,6450.6,2898.0
XGBoost,north_west,2025-06-23,4830.6,6156.3,7675.8,3300.0
XGBoost,north_west,2025-06-30,3528.4,4189.9,5426.9,3380.0
XGBoost,north_west,2025-07-07,3937.3,5163.5,6020.8,4897.0
XGBoost,north_west,2025-07-14,3183.3,3953.9,5545.5,2800.0
XGBoost,north_west,2025-07-21,4389.4,5597.7,6539.1,3457.0
XGBoost,north_west,2025-07-28,2861.8,3268.7,4663.9,3413.0
XGBoost,north_west,2025-08-04,2931.7,3973.5,5357.2,3506.0
XGBoost,north_west,2025-08-11,2847.8,4130.8,5672.7,2571.0
XGBoost,north_west,2025-08-18,2943.2,4269.0,5862.7,4339.0
XGBoost,north_west,2025-08-25,2243.2,3369.5,4595.9,4741.0
XGBoost,north_west,2025-09-01,3528.0,4814.1,6239.5,4604.0
XGBoost,north_west,2025-09-08,4340.3,6035.3,7053.7,5786.0
XGBoost,north_west,2025-09-15,4012.7,6064.4,6904.3,7435.0
XGBoost,north_west,2025-09-22,5532.8,6522.2,7294.1,8115.0
XGBoost,north_west,2025-09-29,7005.5,8087.7,8965.5,8164.0
XGBoost,north_west,2025-10-06,7361.4,8513.3,9797.7,6851.0
XGBoost,north_west,2025-10-13,6969.6,8473.7,9688.0,6497.0
XGBoost,north_west,2025-10-20,4686.8,6260.4,7723.4,5519.0
XGBoost,north_west,2025-10-27,4626.8,6136.0,7766.0,4734.0
XGBoost,north_west,2025-11-03,4476.1,5470.2,5608.3,5532.0
XGBoost,north_west,2025-11-10,3888.3,4995.4,5517.5,7671.0
XGBoost,north_west,2025-11-17,5140.1,5641.8,5958.7,9645.0
XGBoost,north_west,2025-11-24,6742.2,7552.1,8689.7,7165.0
XGBoost,north_west,2025-12-01,7858.3,9370.4,10293.9,8487.0
XGBoost,north_west,2025-12-08,6080.5,6652.2,7662.8,6228.0
XGBoost,north_west,2025-12-15,6491.8,7221.9,8906.4,7318.0
XGBoost,north_west,2025-12-22,5976.5,6490.3,7189.0,7456.0
XGBoost,north_west,2025-12-29,5976.5,6420.2,7189.0,4553.0
XGBoost,north_west,2026-01-12,4192.4,5250.3,6761.0,6270.0
XGBoost,north_west,2026-01-19,4034.4,5241.1,6559.8,5724.0
XGBoost,north_west,2026-01-26,5346.3,6435.2,6604.7,9267.0
XGBoost,north_west,2026-02-02,4541.0,5105.5,6375.3,8113.0
XGBoost,north_west,2026-02-09,6178.1,7113.1,9410.9,8125.0
XGBoost,north_west,2026-02-16,5735.8,6902.3,9183.1,7988.0
XGBoost,north_west,2026-02-23,5685.2,6697.2,8175.6,7057.0
XGBoost,north_west,2026-03-02,5095.3,6374.0,7873.4,5849.0
XGBoost,north_west,2026-03-09,5168.2,6291.6,7764.7,5037.0
XGBoost,north_west,2026-03-16,4339.3,4843.2,6297.0,5283.0
XGBoost,north_west,2026-03-23,3203.8,3989.8,6431.0,5479.0
XGBoost,north_west,2026-03-30,3775.9,4733.6,5824.0,4705.0
XGBoost,north_west,2026-04-06,3786.6,4455.5,5928.6,4726.0
XGBoost,north_west,2026-04-13,3692.5,4439.3,5749.9,4600.0
XGBoost,north_west,2026-04-20,3528.7,4115.0,5520.2,4851.0
XGBoost,north_west,2026-04-27,3717.2,4262.4,5289.6,5381.0
XGBoost,north_west,2026-05-04,4664.7,5249.5,6094.2,4793.0
XGBoost,north_west,2026-05-11,4962.4,6104.8,7065.7,4683.0
XGBoost,north_west,2026-05-18,4793.9,5768.0,6845.2,3892.0
XGBoost,north_west,2026-05-25,4435.8,5217.7,6134.6,3421.0
XGBoost,north_west,2026-06-01,3854.0,4233.5,4616.9,3240.0
XGBoost,north_west,2026-06-08,3353.0,3618.5,4340.0,4349.0
XGBoost,north_west,2026-06-15,2757.1,3227.9,3835.4,4413.0
XGBoost,north_west,2026-06-22,3404.4,4002.3,4714.0,3713.0
XGBoost,north_west,2026-06-29,4120.0,5104.5,5733.3,3430.0
XGBoost,north_west,2026-07-06,3628.5,4652.7,5076.7,3718.0
XGBoost,north_west,2026-07-13,3270.4,3650.2,4337.7,2863.0
XGBoost,north_west,2026-07-20,3361.8,3777.7,4558.0,2339.0
XGBoost,north_west,2026-07-27,3078.6,3497.9,4349.8,2014.0
XGBoost,south,2024-08-05,5303.0,7310.3,8272.0,3043.0
XGBoost,south,2024-08-12,4334.6,6223.2,7315.4,3815.0
XGBoost,south,2024-08-19,2454.4,3522.8,5134.9,3672.0
XGBoost,south,2024-08-26,3577.0,4931.7,6634.7,3945.0
XGBoost,south,2024-09-02,4175.5,5771.5,7739.4,4101.0
XGBoost,south,2024-09-09,4126.7,5704.1,7620.5,6329.0
XGBoost,south,2024-09-16,4288.4,5909.0,7894.3,9979.0
XGBoost,south,2024-09-23,6177.9,8255.6,10047.6,8845.0
XGBoost,south,2024-09-30,10749.0,13090.8,15036.3,10324.0
XGBoost,south,2024-10-07,8815.5,9916.6,10657.3,9815.0
XGBoost,south,2024-10-14,5950.0,8441.6,9919.2,8217.0
XGBoost,south,2024-10-21,8993.7,10223.0,11001.7,8025.0
XGBoost,south,2024-10-28,4877.2,6770.2,7964.1,7266.0
XGBoost,south,2024-11-04,6993.4,7829.7,9529.2,6084.0
XGBoost,south,2024-11-11,6598.1,7593.1,8612.2,7100.0
XGBoost,south,2024-11-18,5637.6,6651.3,7588.7,7039.0
XGBoost,south,2024-11-25,6608.8,7784.4,8966.6,6871.0
XGBoost,south,2024-12-02,6340.1,7468.2,8649.0,7120.0
XGBoost,south,2024-12-09,5949.2,6982.9,7751.3,7862.0
XGBoost,south,2024-12-16,6470.6,7470.0,8592.7,7918.0
XGBoost,south,2024-12-23,6420.6,7412.3,8526.3,7841.0
XGBoost,south,2024-12-30,6420.6,7399.9,8526.3,7110.0
XGBoost,south,2025-01-13,6202.5,7006.2,7971.8,7450.0
XGBoost,south,2025-01-20,4503.9,5361.8,5862.3,8226.0
XGBoost,south,2025-01-27,6700.0,8037.3,8785.5,9424.0
XGBoost,south,2025-02-03,6187.2,8120.7,10098.1,9709.0
XGBoost,south,2025-02-10,6454.0,8388.0,10694.3,8445.0
XGBoost,south,2025-02-17,7050.7,9027.4,11320.0,7418.0
XGBoost,south,2025-02-24,5757.7,7876.4,9248.3,7730.0
XGBoost,south,2025-03-03,5326.8,7370.8,8556.3,6613.0
XGBoost,south,2025-03-10,5595.3,7433.2,9462.2,4705.0
XGBoost,south,2025-03-17,4632.2,6701.9,7960.5,6333.0
XGBoost,south,2025-03-24,3515.8,4749.7,5619.9,5212.0
XGBoost,south,2025-03-31,4237.9,5399.8,6884.5,6496.0
XGBoost,south,2025-04-07,3755.9,4914.6,6127.9,5449.0
XGBoost,south,2025-04-14,4748.9,6185.3,7981.7,4306.0
XGBoost,south,2025-04-21,4118.2,5913.9,7215.9,3506.0
XGBoost,south,2025-04-28,3393.1,4072.7,5004.2,3730.0
XGBoost,south,2025-05-05,3319.1,4217.4,5427.2,4247.0
XGBoost,south,2025-05-12,3411.2,4557.9,5282.1,4862.0
XGBoost,south,2025-05-19,3917.8,5271.7,6510.4,5510.0
XGBoost,south,2025-05-26,4621.3,6307.0,7068.5,4292.0
XGBoost,south,2025-06-02,5784.2,7258.2,8881.3,5505.0
XGBoost,south,2025-06-09,4304.6,5880.7,7260.0,3396.0
XGBoost,south,2025-06-16,4803.7,6442.5,7616.1,2734.0
XGBoost,south,2025-06-23,3482.9,4650.6,6024.8,2420.0
XGBoost,south,2025-06-30,3402.6,4490.8,5750.5,2440.0
XGBoost,south,2025-07-07,2209.4,3266.2,3903.0,3632.0
XGBoost,south,2025-07-14,2394.8,3620.7,4163.3,4613.0
XGBoost,south,2025-07-21,3740.0,5353.4,6322.4,4402.0
XGBoost,south,2025-07-28,4324.4,6044.0,7123.7,4675.0
XGBoost,south,2025-08-04,3910.2,5826.7,7171.0,4872.0
XGBoost,south,2025-08-11,4229.5,6291.4,7751.2,3469.0
XGBoost,south,2025-08-18,4346.7,5676.7,6445.7,3344.0
XGBoost,south,2025-08-25,3371.0,4661.0,6335.4,2397.0
XGBoost,south,2025-09-01,3091.5,4105.0,5417.1,2191.0
XGBoost,south,2025-09-08,2375.3,3508.0,4660.4,3933.0
XGBoost,south,2025-09-15,1986.1,3192.2,3934.3,6235.0
XGBoost,south,2025-09-22,3841.3,5634.0,6358.7,8361.0
XGBoost,south,2025-09-29,6098.6,7113.7,7931.6,10384.0
XGBoost,south,2025-10-06,7246.8,8551.6,9887.1,8499.0
XGBoost,south,2025-10-13,7264.9,8037.7,10905.1,8814.0
XGBoost,south,2025-10-20,7781.4,8664.9,11682.2,6599.0
XGBoost,south,2025-10-27,6655.6,8476.8,9693.6,5619.0
XGBoost,south,2025-11-03,6004.0,6207.7,7425.9,4943.0
XGBoost,south,2025-11-10,4840.5,5390.0,6138.2,5046.0
XGBoost,south,2025-11-17,3898.4,5057.0,5452.6,6325.0
XGBoost,south,2025-11-24,3771.6,5046.8,5586.8,7722.0
XGBoost,south,2025-12-01,5353.6,6556.5,6929.3,8574.0
XGBoost,south,2025-12-08,5806.1,6876.6,8194.5,8329.0
XGBoost,south,2025-12-15,6482.4,8099.8,9298.9,8478.0
XGBoost,south,2025-12-22,6927.6,7762.6,9176.0,7709.0
XGBoost,south,2025-12-29,6927.6,7762.6,9115.4,5984.0
XGBoost,south,2026-01-12,4823.7,5846.7,6534.1,6066.0
XGBoost,south,2026-01-19,4147.2,5483.7,6217.1,7873.0
XGBoost,south,2026-01-26,4678.0,5826.5,6553.7,8235.0
XGBoost,south,2026-02-02,5328.2,6508.0,8358.7,7293.0
XGBoost,south,2026-02-09,5971.3,6837.5,8587.4,8460.0
XGBoost,south,2026-02-16,5350.3,6177.4,8114.1,5478.0
XGBoost,south,2026-02-23,5541.0,6596.8,8324.6,6459.0
XGBoost,south,2026-03-02,3911.3,4690.7,7622.1,5696.0
XGBoost,south,2026-03-09,4380.5,4971.4,6221.5,5443.0
XGBoost,south,2026-03-16,3718.7,4405.2,6097.7,5979.0
XGBoost,south,2026-03-23,4039.5,4579.4,5992.3,6907.0
XGBoost,south,2026-03-30,3791.5,4715.8,5970.2,5898.0
XGBoost,south,2026-04-06,5505.1,6111.6,7614.7,4187.0
XGBoost,south,2026-04-13,4746.3,5664.2,6630.6,3591.0
XGBoost,south,2026-04-20,3567.9,4064.7,6357.2,4706.0
XGBoost,south,2026-04-27,2741.3,3273.1,4295.2,5291.0
XGBoost,south,2026-05-04,4527.2,5672.6,6592.3,4253.0
XGBoost,south,2026-05-11,4935.1,6250.7,7041.1,5452.0
XGBoost,south,2026-05-18,4748.4,5409.6,6006.4,4840.0
XGBoost,south,2026-05-25,4818.8,5928.1,6848.6,2491.0
XGBoost,south,2026-06-01,4711.3,4984.2,5983.4,2149.0
XGBoost,south,2026-06-08,2499.3,2757.5,3238.8,3184.0
XGBoost,south,2026-06-15,1821.5,2111.2,2602.4,2551.0
XGBoost,south,2026-06-22,2539.6,2775.9,3508.9,2591.0
XGBoost,south,2026-06-29,2516.7,3212.8,3791.7,3271.0
XGBoost,south,2026-07-06,2311.9,3226.7,3542.3,2823.0
XGBoost,south,2026-07-13,3296.5,4341.1,4601.8,3624.0
XGBoost,south,2026-07-20,2680.1,3617.1,4069.9,4138.0
XGBoost,south,2026-07-27,3493.2,4621.8,4901.7,3590.0
