indicator,target_start,model,mae,rows
influenza,2025-08-04,LightGBM,0.03780652659603851,13
influenza,2025-08-04,LightGBM full-history,0.039932568100869106,13
influenza,2025-08-04,Persistence,0.03923076923076923,13
influenza,2025-08-04,Seasonal naive,0.05615384615384615,13
influenza,2025-08-04,TabPFN-3.5,0.052696231733779235,13
influenza,2025-09-01,LightGBM,0.0759680185870716,14
influenza,2025-09-01,LightGBM full-history,0.0764573561086673,14
influenza,2025-09-01,Persistence,0.08214285714285714,14
influenza,2025-09-01,Seasonal naive,0.07428571428571429,14
influenza,2025-09-01,TabPFN-3.5,0.053492300811378964,14
influenza,2025-10-06,LightGBM,0.42486721248167647,15
influenza,2025-10-06,LightGBM full-history,0.4039610980254398,15
influenza,2025-10-06,Persistence,0.4686666666666667,15
influenza,2025-10-06,Seasonal naive,0.38,15
influenza,2025-10-06,TabPFN-3.5,0.42725822927144735,15
influenza,2025-11-03,LightGBM,0.2302164015325127,15
influenza,2025-11-03,LightGBM full-history,0.22664722077537838,15
influenza,2025-11-03,Persistence,0.30400000000000005,15
influenza,2025-11-03,Seasonal naive,0.5613333333333335,15
influenza,2025-11-03,TabPFN-3.5,0.3160519909776467,15
influenza,2025-12-01,LightGBM,3.6009033480032517,16
influenza,2025-12-01,LightGBM full-history,3.473787222073383,16
influenza,2025-12-01,Persistence,5.9675,16
influenza,2025-12-01,Seasonal naive,5.886875,16
influenza,2025-12-01,TabPFN-3.5,4.035299180358686,16
influenza,2026-01-05,LightGBM,13.534591258345102,16
influenza,2026-01-05,LightGBM full-history,14.57755977387663,16
influenza,2026-01-05,Persistence,17.11875,16
influenza,2026-01-05,Seasonal naive,11.790624999999999,16
influenza,2026-01-05,TabPFN-3.5,10.090036443219391,16
influenza,2026-02-02,LightGBM,9.458695429031861,16
influenza,2026-02-02,LightGBM full-history,9.62236396400983,16
influenza,2026-02-02,Persistence,9.94125,16
influenza,2026-02-02,Seasonal naive,25.78875,16
influenza,2026-02-02,TabPFN-3.5,10.633268742564102,16
influenza,2026-03-02,LightGBM,8.75981528734188,16
influenza,2026-03-02,LightGBM full-history,7.494678713087267,16
influenza,2026-03-02,Persistence,15.313749999999999,16
influenza,2026-03-02,Seasonal naive,31.93625,16
influenza,2026-03-02,TabPFN-3.5,13.02825890180053,16
influenza,2026-04-06,LightGBM,0.28488998687391864,16
influenza,2026-04-06,LightGBM full-history,0.26464852465656935,16
influenza,2026-04-06,Persistence,0.726875,16
influenza,2026-04-06,Seasonal naive,4.140625,16
influenza,2026-04-06,TabPFN-3.5,0.15885931872035472,16
influenza,2026-05-04,LightGBM,0.1122342117943442,15
influenza,2026-05-04,LightGBM full-history,0.11425876283725268,15
influenza,2026-05-04,Persistence,0.17333333333333334,15
influenza,2026-05-04,Seasonal naive,0.2793333333333334,15
influenza,2026-05-04,TabPFN-3.5,0.23568310711532678,15
influenza,2026-06-01,LightGBM,0.09844968775601955,14
influenza,2026-06-01,LightGBM full-history,0.08442308390793081,14
influenza,2026-06-01,Persistence,0.12714285714285714,14
influenza,2026-06-01,Seasonal naive,0.32500000000000007,14
influenza,2026-06-01,TabPFN-3.5,0.056261005536350016,14
influenza,2026-07-06,LightGBM,0.0570574717705952,12
influenza,2026-07-06,LightGBM full-history,0.05840769004364018,12
influenza,2026-07-06,Persistence,0.0575,12
influenza,2026-07-06,Seasonal naive,0.07583333333333334,12
influenza,2026-07-06,TabPFN-3.5,0.053524716096017354,12
rsv,2025-08-04,LightGBM,0.033182235817325136,16
rsv,2025-08-04,LightGBM full-history,0.033182235817325136,16
rsv,2025-08-04,Persistence,0.034375,16
rsv,2025-08-04,Seasonal naive,0.043125000000000004,16
rsv,2025-08-04,TabPFN-3.5,0.031850806499976556,16
rsv,2025-09-01,LightGBM,0.022984179537204337,16
rsv,2025-09-01,LightGBM full-history,0.022984179537204337,16
rsv,2025-09-01,Persistence,0.023125,16
rsv,2025-09-01,Seasonal naive,0.050625,16
rsv,2025-09-01,TabPFN-3.5,0.02239428919564757,16
rsv,2025-10-06,LightGBM,0.06007666168255643,16
rsv,2025-10-06,LightGBM full-history,0.06007666168255643,16
rsv,2025-10-06,Persistence,0.060625,16
rsv,2025-10-06,Seasonal naive,0.065,16
rsv,2025-10-06,TabPFN-3.5,0.05559282235235534,16
rsv,2025-11-03,LightGBM,0.09014598500853929,16
rsv,2025-11-03,LightGBM full-history,0.09014598500853929,16
rsv,2025-11-03,Persistence,0.115,16
rsv,2025-11-03,Seasonal naive,0.038125000000000006,16
rsv,2025-11-03,TabPFN-3.5,0.0938560697723659,16
rsv,2025-12-01,LightGBM,0.33529412619072196,16
rsv,2025-12-01,LightGBM full-history,0.33529412619072196,16
rsv,2025-12-01,Persistence,0.508125,16
rsv,2025-12-01,Seasonal naive,0.366875,16
rsv,2025-12-01,TabPFN-3.5,0.28152787814127445,16
rsv,2026-01-05,LightGBM,1.9292700849962832,16
rsv,2026-01-05,LightGBM full-history,1.9292700849962832,16
rsv,2026-01-05,Persistence,2.11125,16
rsv,2026-01-05,Seasonal naive,0.500625,16
rsv,2026-01-05,TabPFN-3.5,1.8243326827317177,16
rsv,2026-02-02,LightGBM,6.0335847113494765,16
rsv,2026-02-02,LightGBM full-history,6.0335847113494765,16
rsv,2026-02-02,Persistence,6.136875,16
rsv,2026-02-02,Seasonal naive,1.44375,16
rsv,2026-02-02,TabPFN-3.5,5.969961285326507,16
rsv,2026-03-02,LightGBM,1.5003396659053239,16
rsv,2026-03-02,LightGBM full-history,1.4382796786214913,16
rsv,2026-03-02,Persistence,1.4287499999999997,16
rsv,2026-03-02,Seasonal naive,2.123125,16
rsv,2026-03-02,TabPFN-3.5,1.426959805185665,16
rsv,2026-04-06,LightGBM,1.0308859983012106,16
rsv,2026-04-06,LightGBM full-history,1.0638829237647798,16
rsv,2026-04-06,Persistence,2.030625,16
rsv,2026-04-06,Seasonal naive,1.288125,16
rsv,2026-04-06,TabPFN-3.5,1.082125104740865,16
rsv,2026-05-04,LightGBM,0.42388566768141117,16
rsv,2026-05-04,LightGBM full-history,0.48866710877576425,16
rsv,2026-05-04,Persistence,1.07625,16
rsv,2026-05-04,Seasonal naive,0.354375,16
rsv,2026-05-04,TabPFN-3.5,0.2464845881826866,16
rsv,2026-06-01,LightGBM,0.11475446331899809,16
rsv,2026-06-01,LightGBM full-history,0.10013763710904514,16
rsv,2026-06-01,Persistence,0.325625,16
rsv,2026-06-01,Seasonal naive,0.19125,16
rsv,2026-06-01,TabPFN-3.5,0.11046970584026583,16
rsv,2026-07-06,LightGBM,0.03394680113081076,16
rsv,2026-07-06,LightGBM full-history,0.03177618414054634,16
rsv,2026-07-06,Persistence,0.04375,16
rsv,2026-07-06,Seasonal naive,0.08,16
rsv,2026-07-06,TabPFN-3.5,0.03438183529855904,16
