indicator,regime,model,rows,origins,mae,rmse,interval_rows,coverage_80,mean_interval_width
influenza,all,LightGBM,178,12,3.2884837906542876,7.616681186851013,178,0.6460674157303371,6.691191048259268
influenza,all,LightGBM full-history,178,12,3.26726943378594,7.6191502521516945,178,0.6853932584269663,6.959524551483626
influenza,all,Persistence,178,12,4.513539325842697,9.278131985807672,0,,
influenza,all,Seasonal naive,178,12,7.293426966292134,15.929593705364162,0,,
influenza,all,TabPFN-3.5,178,12,3.509440197705815,7.758348181031485,178,0.6292134831460674,8.128806486800299
rsv,all,LightGBM,192,12,0.9673625484099886,2.262891465470462,192,0.6614583333333334,0.894116993809584
rsv,all,LightGBM full-history,192,12,0.9689401264161445,2.2578595470793985,192,0.640625,0.8713651294676815
rsv,all,Persistence,192,12,1.1578645833333334,2.4318870202307235,0,,
rsv,all,Seasonal naive,192,12,0.5454166666666667,1.2643670188411802,0,,
rsv,all,TabPFN-3.5,192,12,0.9316614061056571,2.234693253728397,192,0.640625,0.8737672314161555
rsv,pre_correction,LightGBM,112,7,1.2149339977974436,2.7814912544682566,112,0.5625,0.2646715014659366
rsv,pre_correction,LightGBM full-history,112,7,1.2149339977974436,2.7814912544682566,112,0.5625,0.2646715014659366
rsv,pre_correction,Persistence,112,7,1.2841964285714285,2.8258657017426914,0,,
rsv,pre_correction,Seasonal naive,112,7,0.35830357142857144,0.7712588272243168,0,,
rsv,pre_correction,TabPFN-3.5,112,7,1.1827879762885494,2.7611906365118646,112,0.5625,0.38101579661334845
rsv,post_correction,LightGBM,80,5,0.6207625192675508,1.207582562246151,80,0.8,1.7753406830906904
rsv,post_correction,LightGBM full-history,80,5,0.6245487064823253,1.1847617162338808,80,0.75,1.7207362086701246
rsv,post_correction,Persistence,80,5,0.9809999999999999,1.7361033955384109,0,,
rsv,post_correction,Seasonal naive,80,5,0.8073749999999998,1.7331824052880296,0,,
rsv,post_correction,TabPFN-3.5,80,5,0.5800842078496083,1.1451664630947707,80,0.75,1.5636192401400855
